Workbook

Sheet 00_LEIA-ME
B2: PARTIU! APRENDER E EMPREENDER — CRONOGRAMA PAULÍNIA (NÚCLEO 2) — V2
B3: Instituto da Criança · Sebrae · Petrobras — V2: revisão crítica da V1, com correções de automação, capacidade e condicionamento de recomendação
B5: O QUE MUDOU NESTA VERSÃO (V2)
B6: Esta é uma revisão crítica do arquivo V1, feita a pedido da coordenação. As principais correções: (1) esclarecimento honesto sobre o que é automatizado por fórmula e o que exige regenerar o arquivo; (2) separação entre "turmas ativas na semana" e "capacidade física por noite"; (3) a Oficina de Gestão passa a ter duas alternativas explícitas (B1 e B2), nenhuma delas confirmada; (4) o cenário recomendado deixou de ser tratado como aprovado; (5) marcos de validação de quórum e simulação de atraso; (6) Cursos Técnicos reclassificados como datas de simulação, não compromissos; (7) cálculo de capacidade da Consultoria Individual. Ver a aba 19_LOG_DE_ALTERACOES para a lista completa, item a item.
B11: MATRIZ DE AUTOMAÇÃO — O QUE MUDA SOZINHO E O QUE EXIGE REGENERAR O ARQUIVO
B12: Regra geral: este arquivo NÃO tem macro/script embutido. Fórmulas do Excel recalculam sozinhas; qualquer coisa que dependa do algoritmo de alocação de salas/datas (Python) só muda depois de rodar scripts/build_workbook.py e gerar um novo arquivo.
B13: Premissa (aba 01_PREMISSAS) | C13: Abas atualizadas automaticamente / Abas que exigem regenerar (script)
B14: Cenário recomendado (dropdown A/B/C/D) | C14: AUTOMÁTICO: 04_RESUMO_EXECUTIVO e 05_COMPARATIVO_CENARIOS recalculam o destaque e os marcos por fórmula (INDEX/MATCH). EXIGE REGERAR: 10, 11, 12-15, 17 (cronograma mestre, agenda e turma a turma continuam no cenário B até serem regeneradas).
B15: Datas de início/fim das Palestras (PS) | C15: EXIGE REGERAR script/build_workbook.py: todas as datas de PS, e por consequência as datas de DH/OG/CT/EAD/CI, são recalculadas pelo motor de datas em Python (não há fórmula de calendário de turmas no Excel).
B16: Carga horária do DH (20h x 22h) | C16: EXIGE REGERAR: muda a duração de cada turma de DH em model.py; nenhuma fórmula recalcula isso no Excel.
B17: Nº de salas / frequência do DH (cenários A-D) | C17: EXIGE REGERAR: o algoritmo de alocação de sala por lote está em Python (model.py), não em fórmula de planilha.
B18: Quantidade de turmas de OG / CT / variante B1 x B2 | C18: EXIGE REGERAR: schedules gerados em Python (build_og_schedule_b1_dedicado / _b2_compartilhado / build_ct_schedule).
B19: Parâmetros de capacidade da Consultoria Individual (nº consultores, horas/dia, dias/semana, atendimentos simultâneos) | C19: AUTOMÁTICO: células editáveis na aba 15_EAD_CONSULTORIAS calculam por FÓRMULA (sem precisar regenerar) as semanas necessárias e a data de conclusão estimada.
B20: Recesso institucional (datas) | C20: PARCIAL: o texto e os indicadores citam a data por referência de célula (fórmula) nas abas 00/01/04/17; mas o bloqueio desse período no cálculo de datas de turma (para não agendar encontro dentro do recesso) exige regerar o script.
B22: SCRIPT A EXECUTAR PARA REGERAR: python3 scripts/build_workbook.py (edite scripts/model.py para mudar uma premissa estrutural antes de rodar). Gera um novo .xlsx — não sobrescreve versões anteriores automaticamente.
B24: COMO CLASSIFICAMOS CADA INFORMAÇÃO
B25: Confirmada | C25: Valor igual em pelo menos 2 fontes independentes, sem contradição.
B26: Premissa provisória | C26: Valor usado para construir o cronograma na ausência de confirmação formal; pode mudar.
B27: Divergência entre documentos | C27: Os documentos-fonte trazem valores diferentes para o mesmo item; nenhum foi descartado.
B28: Informação pendente de validação | C28: Dado ausente, incompleto ou com placeholder (ex.: fornecedor "?").
B29: Decisão recomendada | C29: Recomendação da análise, com justificativa — não é um fato, é uma sugestão de encaminhamento.
B30: Condicionado à validação | C30: Datas/indicadores calculados a partir de premissas ainda não confirmadas (salas, quórum, fornecedor) — NÃO são compromisso oficial.
B32: COMO NAVEGAR
B33: 01_PREMISSAS | C33: Painel de premissas editáveis, agora com coluna indicando se a mudança é automática ou exige regeneração.
B34: 02_DIVERGENCIAS | C34: Tabela completa de conflitos entre os 4 documentos-fonte.
B35: 03_FLUXO_DA_TRILHA | C35: Mapa da trilha PS → DH → OG → CT → EAD → CI, com as regras quantitativas encontradas.
B36: 04_RESUMO_EXECUTIVO | C36: Visão de 1 página — recomendação condicionada, não uma aprovação.
B37: 05_COMPARATIVO_CENARIOS | C37: Painel comparativo dos 4 cenários, com os dois indicadores de capacidade separados.
B38: 06 a 09_CENARIO A-D | C38: Turma a turma de cada cenário + marcos de validação de quórum + simulação de atraso de 7 dias.
B39: 07_CENARIO_B | C39: Inclui a comparação das duas variantes de espaço para a OG (B1 x B2).
B40: 10_CRONOGRAMA_MESTRE | C40: Linha do tempo completa (cenário B, variante B1 de OG) — texto corrigido sobre o recesso.
B41: 11_AGENDA_POR_SALA | C41: Ocupação de salas — inclui as duas variantes de OG (B1/B2).
B42: 12_TURMAS_DH | C42: PS 01-30 e DH 01-15 detalhados.
B43: 13_OFICINAS_GESTAO | C43: Detalhamento das duas variantes de OG (B1/B2), nenhuma confirmada.
B44: 14_CURSOS_TECNICOS | C44: Todas as datas classificadas como "proposta para simulação", com quórum e responsável pela validação.
... B49: 19_LOG_DE_ALTERACOES | C49: Lista completa das correções feitas nesta V2, item a item, em resposta à revisão crítica.

Sheet 01_PREMISSAS
B2: PREMISSAS DO CRONOGRAMA — V2
B3: Células amarelas são editáveis. A coluna "Automação" diz, para CADA premissa, se a mudança recalcula sozinha ou exige rodar scripts/build_workbook.py. Ver matriz completa na aba 00_LEIA-ME.
B5: CENÁRIO RECOMENDADO PARA AS ABAS 04 E 05 (ligado por fórmula)
B6: Cenário recomendado (dropdown) | C6: B | D6: Alimenta por fórmula os destaques e marcos das abas 04_RESUMO_EXECUTIVO e 05_COMPARATIVO_CENARIOS. | E6: Confirmada | F6: Automático (fórmula)
B8: PALESTRAS DE SENSIBILIZAÇÃO (PS)
B9: Item | C9: Valor | D9: Observação / Classificação | E9: Status | F9: Automação
B10: Data de início | C10: 46245 | D10: Confirmado em 3 fontes | E10: Confirmada | F10: Exige regeneração (script)
B11: Data-alvo de término | C11: 46310 | D11: Confirmado em 3 fontes | E11: Confirmada | F11: Exige regeneração (script)
B12: Total de turmas (Paulínia) | C12: 30 | D12: Base operacional J3=30; PDF macro Núcleo 2 = 30 turmas | E12: Confirmada | F12: Exige regeneração (script)
B13: Frequência | C13: 3x/semana (Ter/Qua/Qui) | D13: Cadência dedutível da planilha "Possibilidades" | E13: Premissa provisória | F13: Exige regeneração (script)
B15: DESENVOLVIMENTO HUMANO (DH)
B16: Item | C16: Valor | D16: Observação / Classificação | E16: Status | F16: Automação
B17: Total de turmas (Paulínia) | C17: 15 | D17: Confirmado em 3 fontes | E17: Confirmada | F17: Exige regeneração (script)
B18: Carga horária total — OPÇÃO USADA NO MODELO | C18: 20h / 10 encontros | D18: Usada pela simulação de cenários e citada em reunião | E18: Premissa provisória | F18: Exige regeneração (script)
B19: Carga horária total — OPÇÃO ALTERNATIVA (documental) | C19: 22h / 11 encontros | D19: Planilha operacional e PDF macro | E19: Divergência entre documentos | F19: Exige regeneração (script)
B20: Mínimo/Máximo de participantes por turma | C20: 20 / 40 | D20: Planilha operacional H4/I4 | E20: Confirmada | F20: Exige regeneração (script)
B21: Regra de formação — OPÇÃO A | C21: 2 PS = 1 DH | D21: Fecha exatamente com 30 PS → 15 DH | E21: Premissa provisória | F21: Exige regeneração (script)
B22: Regra de formação — OPÇÃO B (anotação divergente) | C22: 4 OS = 1 DH | D22: "OS" não existe na trilha; provável erro de digitação. Não fecha com 15 turmas mesmo lendo como "PS" | E22: Divergência entre documentos | F22: —
B23: Frequência semanal a comparar | C23: 2x ou 5x por semana | D23: Cenários A-D | E23: Premissa provisória | F23: Exige regeneração (script)
B24: Nº de salas a comparar | C24: 2 ou 3 | D24: Cenários A-D | E24: Premissa provisória | F24: Exige regeneração (script)
B25: Gatilho para 1º curso técnico | C25: Após a 4ª turma de DH concluída | D25: Planilha operacional, anotação A34 | E25: Premissa provisória | F25: Exige regeneração (script)
B27: OFICINA DE GESTÃO (OG) — DUAS VARIANTES, NENHUMA CONFIRMADA
B28: Item | C28: Valor | D28: Observação / Classificação | E28: Status | F28: Automação
B29: Total de turmas — OPÇÃO USADA NO MODELO | C29: 15 | D29: Planilha operacional J5=15 (1 OG por turma de DH concluída) | E29: Premissa provisória | F29: Exige regeneração (script)
B30: Total de turmas — LEITURA ALTERNATIVA | C30: ≈7 a 8 | D30: Anotação "2 DH = 1 OG + 1 CT" (A28) aplicada literalmente | E30: Divergência entre documentos | F30: —
B31: Variante B1 — espaço | C31: 3 espaços ADICIONAIS, fora das 3 salas de DH | D31: NÃO CONFIRMADO. Ver comparação B1 x B2 na aba 07_CENARIO_B. | E31: Informação pendente de validação | F31: Exige regeneração (script)
B32: Variante B2 — espaço | C32: As mesmas 3 salas de DH (sem espaço adicional) | D32: OG só pode começar após o fim total da fase de DH (04/11) — ver aba 07. | E32: Decisão recomendada | F32: Exige regeneração (script)
B33: Carga horária / Encontros | C33: 4h / 2 encontros | D33: Planilha operacional F5/G5 | E33: Confirmada | F33: Exige regeneração (script)
B34: Mínimo/máximo de participantes | C34: 15 / 18 | D34: Planilha operacional H5/I5 | E34: Confirmada | F34: Exige regeneração (script)
B36: CURSOS TÉCNICOS (CT) — DATAS SÃO PROPOSTA PARA SIMULAÇÃO
B37: Item | C37: Valor | D37: Observação / Classificação | E37: Status | F37: Automação
B38: Total de turmas — OPÇÃO USADA NO MODELO | C38: 10 | D38: Soma de J6:J12 (7 temas) | E38: Premissa provisória | F38: Exige regeneração (script)
B39: Total de turmas — META CONTRATUAL (PDF macro) | C39: 13 | D39: PDF, Núcleo 2 = 13 turmas = 195 pessoas | E39: Divergência entre documentos | F39: —
B40: Diferença a validar | C40: 3 turmas | D40: Temas/fornecedores não definidos neste material | E40: Informação pendente de validação | F40: —
B41: Frequência / Turno | C41: 5x/semana, 4h/dia, noite | D41: Planilha operacional e briefing | E41: Confirmada | F41: Exige regeneração (script)
B42: Quórum mínimo por turma | C42: 14 a 18 (varia por curso/fornecedor) | D42: Planilha operacional H6:H12; reunião cita 16 como referência geral | E42: Divergência entre documentos | F42: —
B43: Classificação de TODAS as datas de CT nesta versão | C43: Proposta para simulação — pendente de quórum, contratação e validação do fornecedor | D43: Nenhuma data de CT é compromisso oficial (item 6 da revisão crítica) | E43: Condicionado à validação | F43: —
B45: CONSULTORIA INDIVIDUAL (CI) — CALCULADORA DE CAPACIDADE NA ABA 15
B46: Item | C46: Valor | D46: Observação / Classificação | E46: Status | F46: Automação
B47: Meta de pessoas / atendimentos por pessoa / horas por atendimento | C47: 150 / 3 / 1h | D47: Nota J14 (450 atend./3) e PDF macro ("13 turmas = 150 pessoas") | E47: Confirmada | F47: Exige regeneração (script)
B48: Nº de consultores (padrão) | C48: 2 | D48: Editável na aba 15 — recalcula por fórmula | E48: Premissa provisória | F48: Automático (fórmula, aba 15)
B49: Horas de atendimento por consultor/dia (padrão) | C49: 4 | D49: Editável na aba 15 — recalcula por fórmula | E49: Premissa provisória | F49: Automático (fórmula, aba 15)
B50: Dias de atendimento por semana (padrão) | C50: 5 | D50: Editável na aba 15 — recalcula por fórmula | E50: Premissa provisória | F50: Automático (fórmula, aba 15)
B51: Atendimentos simultâneos (padrão) | C51: 2 | D51: Editável na aba 15 — recalcula por fórmula | E51: Premissa provisória | F51: Automático (fórmula, aba 15)
B52: Curso Técnico é pré-requisito para Consultoria Individual | C52: Sim | D52: PDF macro | E52: Confirmada | F52: Exige regeneração (script)
B54: CALENDÁRIO
B55: Item | C55: Valor | D55: Observação / Classificação | E55: Status | F55: Automação
B56: Feriados considerados | C56: 7/9, 12/10, 2/11, 20/11, 25/12, 1/1 | D56: Calendário municipal de Paulínia 2026 | E56: Premissa provisória | F56: Exige regeneração (script)
B57: Recesso institucional — início | C57: 46377 | D57: Observado no cronograma anterior; não confirmado formalmente | E57: Informação pendente de validação | F57: Exige regeneração (script)
B58: Recesso institucional — fim | C58: 46395 | D58: Idem | E58: Informação pendente de validação | F58: Exige regeneração (script)

Sheet 02_DIVERGENCIAS
B2: DIVERGÊNCIAS ENTRE OS 4 DOCUMENTOS — NADA FOI CORRIGIDO SILENCIOSAMENTE
B3: Toda linha aponta os documentos envolvidos, o impacto no cronograma e uma decisão provisória — a validar com Sebrae/Instituto
B5: Tema | C5: Divergência encontrada | D5: Documentos envolvidos | E5: Valores em conflito | F5: Impacto no cronograma | G5: Decisão recomendada (provisória) | H5: Classificação
B6: Carga horária do DH | C6: Planilha operacional e PDF contratual indicam 22h/11 encontros; reunião recente relata redução para 20h pelo Sebrae, sem documento formal. | D6: Proposta (xlsx) + PDF macro vs. ata de reunião / Simulação de cenários | E6: 22h / 11 encontros vs. 20h / 10 encontros | F6: Muito alto: cada turma de DH muda ±1 semana de duração; em 15 turmas encadeadas, o efeito acumulado desloca o início dos cursos técnicos e o fim da fase DH em várias semanas. | G6: Usar 20h/10 encontros apenas como premissa de trabalho (é o que consta na simulação mais recente), mas obter confirmação formal por escrito do Sebrae antes de compromissar datas com a Petrobras. | H6: Divergência entre documentos
B7: Quantidade de turmas de Curso Técnico | C7: O documento macro contratual (Anexos do projeto) indica 13 turmas para o Núcleo 2 (Paulínia); a planilha operacional detalhada soma apenas 10 turmas nos 7 temas listados. | D7: PDF "Apres. Projeto e Anexos 01.2026" vs. Proposta (xlsx) | E7: 13 turmas (meta contratual) vs. 10 turmas (planilha operacional) | F7: Muito alto: se 13 for a meta válida, faltam 3 turmas/fornecedores a contratar, o que desloca o fim da fase de cursos técnicos e a meta de 195 participantes. | G7: Levantar com a coordenação quais 3 turmas adicionais fariam sentido e formalizar com os fornecedores antes de assumir 13 como meta. TODAS as datas de CT nesta V2 são propostas para simulação — ver aba 14. | H7: Divergência entre documentos
B8: Regra de formação do DH a partir das Palestras | C8: A planilha operacional traz duas anotações conflitantes: "2 PS = 1 DH" (fecha com 15 turmas) e "4 OS = 1 DH" (não fecha; "OS" não corresponde a nenhuma sigla da trilha). | D8: Proposta (xlsx), observações A27 e A30 | E8: 2 PS = 1 DH vs. 4 OS = 1 DH | F8: Alto: define o ritmo de liberação de novos lotes de DH; usar a regra errada muda a data de abertura de cada turma. | G8: Adotar "2 PS = 1 DH" (única leitura que fecha com as 15 turmas confirmadas) e tratar "4 OS = 1 DH" como possível erro de digitação a confirmar. | H8: Divergência entre documentos
B9: Espaço físico para a Oficina de Gestão | C9: O cenário recomendado (B) usa 3 salas para o DH, mas essas 3 salas ficam ocupadas por lotes consecutivos durante toda a fase (sem vaga livre). A V1 deste arquivo assumiu 3 espaços ADICIONAIS sem confirmar isso — foi um erro de tratamento apontado na revisão crítica. | D9: Achado desta análise (nenhum dos 4 documentos originais cruzou a agenda de sala do DH com a da OG) | E9: B1: 3 salas de DH + 3 espaços adicionais (6 no total, NÃO confirmado) vs. B2: 3 salas compartilhadas (OG só após o fim total do DH, em 04/11) | F9: Muito alto: se B1 não for viabilizado, a OG só pode começar após 04/11 (variante B2), atrasando toda a cadeia até a Consultoria Individual em até ~2 semanas. | G9: Não tratar B1 como confirmado. Levar as duas alternativas (B1 x B2, comparadas na aba 07_CENARIO_B) à coordenação para decisão explícita sobre espaço físico antes de comunicar datas de OG. | H9: Divergência entre documentos
B10: Regra de composição da Oficina de Gestão e Curso Técnico | C10: A planilha operacional lista 15 turmas de OG (1 para cada DH), mas também traz a anotação "2 DH = 1 OG + 1 CT", que implicaria só ~7-8 turmas de OG para 15 DH. | D10: Proposta (xlsx), linha J5 vs. observação A28 | E10: 15 turmas de OG (1:1 com DH) vs. ~7-8 turmas de OG (1 a cada 2 DH) | F10: Muito alto: dobra ou reduz pela metade a necessidade de espaço/horário de OG, afetando toda a fase seguinte à DH. | G10: Confirmar com a coordenação se cada turma de DH forma sua própria OG (15 no total) ou se as turmas de DH são pareadas antes da OG (aprox. 7-8 no total). | H10: Divergência entre documentos
B11: Quórum mínimo dos cursos técnicos | C11: A planilha operacional traz mínimos de 14 ou 15 participantes por turma, variando por curso; a reunião menciona 16 como referência geral. | D11: Proposta (xlsx), coluna H vs. ata de reunião | E11: 14-15 (planilha, por curso) vs. 16 (reunião, geral) | F11: Alto: se 16 for o piso real exigido pelos fornecedores, pode faltar gente inscrita quando 4 turmas de DH (≈80 pessoas) alimentam 2 turmas técnicas. | G11: Confirmar o mínimo por fornecedor/curso antes de fechar contratos, em vez de aplicar um número único a todos os cursos. | H11: Divergência entre documentos
B12: Disponibilidade de salas para o DH | C12: O cronograma anterior da coordenação foi desenhado com 3 salas simultâneas; a discussão mais recente também cogita apenas 2 salas. | D12: "Possibilidades de Cronograma" (título da aba: "3 Salas Simultâneas") vs. briefing / Simulação de cenários | E12: 3 salas vs. 2 salas | F12: Muito alto: é a variável que mais muda a duração total da fase de DH. | G12: Confirmar com antecedência a disponibilidade real e exclusiva de salas à noite antes de comunicar datas ao Sebrae — ver comparativo de cenários na aba 05. | H12: Divergência entre documentos
B13: Recesso institucional | C13: A simulação de cenários bloqueia 21/12/2026 a 08/01/2027 como recesso, mas não há confirmação formal de que o Instituto/Sebrae adotarão esse recesso. | D13: Simulação de cenários (aba "Premissas e Pendências") | E13: 21/12/2026 a 08/01/2027 (assumido) vs. nenhuma confirmação | F13: Médio: cenários que já se estendem para dezembro/janeiro ficam ainda mais espremidos ou mais longos conforme o recesso seja confirmado ou não. | G13: Confirmar a duração exata do recesso institucional 2026/2027 junto à coordenação administrativa. | H13: Informação pendente de validação
B14: Datas com ano incorreto no cronograma anterior | C14: A aba "Paulínia" do arquivo "Possibilidades de Cronograma" tem uma seção rotulada "Janeiro de 2027" cujas datas de calendário estão grafadas como 2026, e ao menos uma linha traz data de término anterior à de início. | D14: "Possibilidades de Cronograma- Paulínia.xlsx", aba Paulínia | E14: Rótulo "Janeiro de 2027" com datas grafadas 2026; DHP9 com fim (18/11) anterior ao início (05/12) | F14: Alto: se usado sem correção, o leitor pode aceitar datas no ano errado ou uma janela invertida. | G14: Não usar essa planilha como fonte de datas finais; tratá-la apenas como registro histórico da tentativa anterior. | H14: Divergência entre documentos
B15: Fornecedor do curso de Jardinagem | C15: O cronograma anterior da coordenação registra o fornecedor do curso de Jardinagem como "?" — não definido. | D15: "Possibilidades de Cronograma- Paulínia.xlsx", célula R48 | E15: Fornecedor: "?" | F15: Alto: sem fornecedor confirmado, a turma de Jardinagem não pode ser efetivamente contratada nem ter data de início garantida. | G15: Priorizar a definição do fornecedor de Jardinagem antes de comunicar a data desta turma aos participantes. | H15: Informação pendente de validação
B16: Formação real de turma a partir das Palestras (quórum) | C16: O cronograma trata a formação de cada lote de DH como certa, mas nenhum documento confirma que toda Palestra realizada converte participantes suficientes em turma fechada. | D16: Nenhum dos 4 documentos discute risco de não-formação de turma | E16: Suposição implícita: 100% das Palestras geram quórum para o próximo lote de DH | F16: Alto: se um lote não atingir quórum, todo o restante da cadeia (a partir daquele lote) atrasa — ver simulação de atraso de 7 dias na aba 07_CENARIO_B. | G16: Adicionar marcos de validação de quórum antes de cada lote (aba 06-09) e tratar a formação de turma como "condicionada", não automática. | H16: Divergência entre documentos

Sheet 03_FLUXO_DA_TRILHA
B2: FLUXO DA TRILHA — PALESTRA → DH → OFICINA DE GESTÃO → CURSO TÉCNICO → EAD → CONSULTORIA
B3: Sequência obrigatória de dependências. Regras quantitativas mostradas como premissa/divergência, nunca como fato quando não confirmadas.
B5: PALESTRA DE SENSIBILIZAÇÃO (PS) | E5: DESENVOLVIMENTO HUMANO (DH) | H5: OFICINA DE GESTÃO (OG) | K5: CURSO TÉCNICO (CT) | N5: CURSO EAD | Q5: CONSULTORIA INDIVIDUAL (CI)
D6: → | G6: → | J6: → | M6: → | P6: →
B8: 30 turmas | E8: 15 turmas | H8: 15 turmas* (B1/B2) | K8: 10 turmas* (simulação) | N8: contínuo | Q8: meta 150 pessoas
B10: * Ver divergência quantitativa e status "condicionado à validação" nas abas 01, 02, 07 e 14.
B12: Relação quantitativa citada nos documentos | F12: Fecha com os totais confirmados (30 PS / 15 DH)? | J12: Classificação
B13: 30 PS → 15 DH (regra: 2 PS = 1 DH) | F13: Sim — 30 ÷ 2 = 15, bate exatamente com o total confirmado. Mas a formação de cada turma depende de quórum real — ver marcos de validação nas abas 06-09. | J13: Premissa provisória
B14: 30 PS → 15 DH (regra: 4 OS = 1 DH) | F14: Não — 30 ÷ 4 = 7,5, não bate com 15 turmas. Sigla "OS" também não existe na trilha. | J14: Divergência entre documentos
B15: 4 DH concluídos → 2 turmas de Curso Técnico (~80 pessoas formando 2 turmas de ~15-18) | F15: Aritmeticamente aproximado; indica que nem todos os 80 formandos migram para o mesmo curso técnico. Datas de CT são propostas para simulação, não compromisso — ver aba 14. | J15: Premissa provisória
B16: 2 DH = 1 OG + 1 CT | F16: Não fecha com as 15 turmas de OG citadas na planilha operacional (implicaria ~7-8 OG, não 15). | J16: Divergência entre documentos
B17: 15 DH → 15 OG (1 para 1) | F17: Consistente com o total de 15 turmas de OG, mas contradiz a regra "2 DH = 1 OG + 1 CT". Depende ainda de qual variante de espaço (B1 ou B2) for adotada. | J17: Premissa provisória
B19: LEGENDA DE ETAPAS
C20: PS - Palestra de Sensibilização
C21: DH - Desenvolvimento Humano
C22: OG - Oficina de Gestão
C23: CT - Curso Técnico
C24: EAD - Curso Online
C25: CI - Consultoria Individual
C26: Recesso / feriado

Sheet 04_RESUMO_EXECUTIVO
B2: PARTIU! APRENDER E EMPREENDER — PAULÍNIA (V2)
B3: Trilha completa: Palestra de Sensibilização → Desenvolvimento Humano → Oficina de Gestão → Curso Técnico → EAD → Consultoria Individual
B5: PERÍODO TOTAL: 11/08/2026 até parte de 2027 (ver observação abaixo) — cenário definido em 01_PREMISSAS ("Cenário recomendado")
B7: Início das Palestras | C7: Início do DH (cenário sel.) | D7: 4ª turma de DH concluída | E7: Fim do DH (cenário sel.) | F7: 1º Curso Técnico (proposta p/ simulação)
B8: =DATE(2026,8,11) | C8: =INDEX('05_COMPARATIVO_CENARIOS'!$H$6:$H$9,MATCH('01_PREMISSAS'!C6,'05_COMPARATIVO_CENARIOS'!$B$6:$B$9,0)) | D8: =INDEX('05_COMPARATIVO_CENARIOS'!$I$6:$I$9,MATCH('01_PREMISSAS'!C6,'05_COMPARATIVO_CENARIOS'!$B$6:$B$9,0)) | E8: =INDEX('05_COMPARATIVO_CENARIOS'!$J$6:$J$9,MATCH('01_PREMISSAS'!C6,'05_COMPARATIVO_CENARIOS'!$B$6:$B$9,0)) | F8: 46293
B10: Os 4 primeiros marcos recalculam por fórmula conforme o "Cenário recomendado" escolhido em 01_PREMISSAS. O marco de Curso Técnico segue fixo no Cenário B nesta versão (a grade completa de CT/OG/EAD/CI exige regeneração do arquivo para outro cenário — ver matriz em 00_LEIA-ME).
B12: LINHA DO TEMPO — CENÁRIO B (referência desta versão)
B13: Etapa | C13: AUG/26 | D13: SEP/26 | E13: OCT/26 | F13: NOV/26 | G13: DEC/26 | H13: JAN/27 | I13: FEB/27
B14: Palestras de Sensibilização
B15: Desenvolvimento Humano
B16: Oficina de Gestão (B1, não confirmada)
B17: Cursos Técnicos (proposta p/ simulação)
B18: Curso EAD
B19: Consultoria Individual (estimado)
B20: Recesso / feriados
B22: RECOMENDAÇÃO CONDICIONADA (NÃO É UMA APROVAÇÃO): Cenário B — 3 salas, DH 5x/semana. Menor duração — recomendado para negociação, condicionado à validação de salas, facilitadores, adesão dos participantes e espaços para a Oficina de Gestão (variantes B1 x B2, ver aba 07_CENARIO_B). O cenário B conclui o Desenvolvimento Humano antes do recesso e antecipa o início das etapas seguintes. Parte dos cursos técnicos e das consultorias permanece programada para 2027.
B27: LEGENDA
C28: Palestras de Sensibilização | E28: Desenvolvimento Humano | G28: Oficina de Gestão (B1, não confirmada) | I28: Cursos Técnicos (proposta p/ simulação) | K28: Curso EAD | M28: Consultoria Individual (estimado) | O28: Recesso/feriado
B30: Datas construídas a partir de premissas explicitadas nas abas 01, 02 e 03 — sujeitas a confirmação formal do Sebrae/Instituto. Nenhuma data de Curso Técnico ou Oficina de Gestão nesta versão é compromisso oficial.

Sheet 05_COMPARATIVO_CENARIOS
O1: ='01_PREMISSAS'!C6
B2: COMPARATIVO DOS 4 CENÁRIOS DE DESENVOLVIMENTO HUMANO (DH)
B3: Salas x Frequência semanal — indicadores recalculados por fórmula a partir das abas 06 a 09. O destaque de "cenário recomendado" segue a célula editável em 01_PREMISSAS.
C5: Cenário | D5: Salas | E5: Frequência DH | F5: Turmas ativas na semana (pico) | G5: Máx. turmas mesma noite | H5: Início do DH | I5: 4ª turma concluída | J5: 15ª turma concluída | K5: Duração (dias) | L5: Riscos principais | M5: Vantagens / Desvantagens | N5: Viabilidade (condicionada)
B6: A | C6: Cenário A | D6: 3 | E6: 2x/semana | F6: 6 | G6: 3 | H6: ='06_CENARIO_A'!C23 | I6: ='06_CENARIO_A'!C24 | J6: ='06_CENARIO_A'!C25 | K6: ='06_CENARIO_A'!C26 | L6: Sobreposição de turmas exige interleaving de dias (Seg/Qua com Ter/Qui) na mesma sala; termina em dezembro, próximo ao recesso. | M6: Vantagem: usa a capacidade máxima das 3 salas. Desvantagem: ritmo mais lento (2x/semana) atrasa toda a cadeia OG→CT→EAD→CI. | N6: Viável — condicionado à validação de salas e facilitadores.
B7: B | C7: Cenário B | D7: 3 | E7: 5x/semana | F7: 6 | G7: 3 | H7: ='07_CENARIO_B'!C23 | I7: ='07_CENARIO_B'!C24 | J7: ='07_CENARIO_B'!C25 | K7: ='07_CENARIO_B'!C26 | L7: Ritmo intenso (5x/semana) exige disponibilidade constante de facilitadores e das 3 salas em sequência apertada entre lotes; praticamente sem folga para atraso (ver simulação de 7 dias na aba 07). Espaço para a Oficina de Gestão ainda não definido entre as variantes B1/B2. | M7: Vantagem: conclui a fase DH mais cedo (04/11), abrindo mais espaço para OG, CT, EAD e CI ainda em 2026. Desvantagem: menor margem de faltas/reposição por turma; parte dos Cursos Técnicos e da Consultoria Individual permanece programada para 2027 mesmo neste cenário. | N7: Menor duração — recomendado para negociação, condicionado à validação de salas, facilitadores, adesão dos participantes e espaços para OG (ver B1 x B2 na aba 07).
B8: C | C8: Cenário C | D8: 2 | E8: 2x/semana | F8: 5 | G8: 2 | H8: ='08_CENARIO_C'!C23 | I8: ='08_CENARIO_C'!C24 | J8: ='08_CENARIO_C'!C25 | K8: ='08_CENARIO_C'!C26 | L8: Fase DH ultrapassa o recesso institucional e só termina em fevereiro/2027 — compromete seriamente o início dos cursos técnicos e a meta anual. | M8: Vantagem: nenhuma relevante frente aos demais cenários. Desvantagem: menor capacidade (2 salas) e maior duração total (169 dias). | N8: Não recomendado — atravessa o recesso e estende a fase DH até fevereiro/2027.
B9: D | C9: Cenário D | D9: 2 | E9: 5x/semana | F9: 4 | G9: 2 | H9: ='09_CENARIO_D'!C23 | I9: ='09_CENARIO_D'!C24 | J9: ='09_CENARIO_D'!C25 | K9: ='09_CENARIO_D'!C26 | L9: Alta intensidade diária (5x/semana) combinada a apenas 2 salas deixa pouquíssima folga para reposição de encontros perdidos. | M9: Vantagem: mais rápido que os cenários de 2x/semana. Desvantagem: capacidade mínima (2 salas) entre os 4 cenários. | N9: Viável com ressalvas — condicionado à validação de salas, facilitadores e folga mínima entre lotes.
B11: LEITURA: o cenário destacado em verde segue a célula "Cenário recomendado" em 01_PREMISSAS (troque A/B/C/D lá para recalcular o destaque aqui e em 04). Padrão atual: Cenário B — menor duração da fase DH (73 dias) entre os 4 cenários avaliados. Isso NÃO significa que o cenário está aprovado: a recomendação é condicionada à validação de salas, facilitadores, adesão dos participantes às Palestras/DH e definição do espaço para a Oficina de Gestão (B1 x B2, aba 07).

Sheet 06_CENARIO_A
B2: CENÁRIO A — 3 SALAS | DH 2x/semana
B3: Viavel, mas com maior sobreposicao e termino em dezembro. | Indicação: Alternativa equilibrada
B5: Turma DH | C5: Lote | D5: Sala | E5: Cadência | F5: Início | G5: Término | H5: Encontros | I5: Nº aprox. de participantes | J5: Observação
B6: DH 1 | C6: 1 | D6: Sala 1 | E6: Ter/Qui | F6: 46259 | G6: 46289 | H6: 10 | I6: —
B7: DH 2 | C7: 1 | D7: Sala 2 | E7: Ter/Qui | F7: 46259 | G7: 46289 | H7: 10 | I7: —
B8: DH 3 | C8: 1 | D8: Sala 3 | E8: Ter/Qui | F8: 46259 | G8: 46289 | H8: 10 | I8: —
B9: DH 4 | C9: 2 | D9: Sala 1 | E9: Seg/Qua | F9: 46274 | G9: 46309 | H9: 10 | I9: Encontro cai em feriado: 12/10
B10: DH 5 | C10: 2 | D10: Sala 2 | E10: Seg/Qua | F10: 46274 | G10: 46309 | H10: 10 | I10: Encontro cai em feriado: 12/10
B11: DH 6 | C11: 2 | D11: Sala 3 | E11: Seg/Qua | F11: 46274 | G11: 46309 | H11: 10 | I11: Encontro cai em feriado: 12/10
B12: DH 7 | C12: 3 | D12: Sala 1 | E12: Ter/Qui | F12: 46294 | G12: 46324 | H12: 10 | I12: —
B13: DH 8 | C13: 3 | D13: Sala 2 | E13: Ter/Qui | F13: 46294 | G13: 46324 | H13: 10 | I13: —
B14: DH 9 | C14: 3 | D14: Sala 3 | E14: Ter/Qui | F14: 46294 | G14: 46324 | H14: 10 | I14: —
B15: DH 10 | C15: 4 | D15: Sala 1 | E15: Seg/Qua | F15: 46314 | G15: 46349 | H15: 10 | I15: Encontro cai em feriado: 02/11
B16: DH 11 | C16: 4 | D16: Sala 2 | E16: Seg/Qua | F16: 46314 | G16: 46349 | H16: 10 | I16: Encontro cai em feriado: 02/11
B17: DH 12 | C17: 4 | D17: Sala 3 | E17: Seg/Qua | F17: 46314 | G17: 46349 | H17: 10 | I17: Encontro cai em feriado: 02/11
... B20: DH 15 | C20: 5 | D20: Sala 3 | E20: Ter/Qui | F20: 46329 | G20: 46359 | H20: 10 | I20: —
B22: Indicador | C22: Resultado | D22: Leitura
B23: Início da 1ª turma | C23: =MIN(F6:F20) | D23: Marco de início da fase de Desenvolvimento Humano
B24: Conclusão da 4ª turma | C24: =SMALL(G6:G20,4) | D24: Marco para liberar o primeiro lote de Curso Técnico (premissa: após 4 DH) — data PROPOSTA, condicionada a quórum real
B25: Conclusão da 15ª turma (todas) | C25: =MAX(G6:G20) | D25: Fim estimado da fase de Desenvolvimento Humano
B26: Duração da fase DH (dias corridos) | C26: =C25-C23+1 | D26: Da 1ª turma iniciada até a 15ª concluída
B27: Turmas ativas na mesma semana (pico) | C27: 6 | D27: Nº de turmas com o período [início,término] tocando a mesma semana corrida — NÃO é o nº de turmas se encontrando na mesma noite.
B28: Máximo de turmas na MESMA noite (mesma sala/horário) | C28: 3 | D28: Limite físico real: 3 sala(s) → no máximo 3 atividades simultâneas por noite. O uso alternado de dias (ex.: Seg/Qua com Ter/Qui) permite mais turmas ATIVAS na semana, mas não aumenta o nº de salas físicas disponíveis por noite.
B30: MARCOS DE VALIDAÇÃO DE QUÓRUM POR LOTE — formação de turma é CONDICIONADA, não automática
B31: Lote | C31: Data planejada de validação | D31: Data-limite / janela de contingência | E31: Impacto de atraso de 7 dias no lote | F31: Risco de palestra reagendada | G31: Status
B32: Lote 1 (DH 1, DH 2, DH 3) | C32: 46252 | D32: -15 dia(s) de folga antes de empurrar o lote 2 | E32: 4ª turma: +22d; fim da fase DH: +67d (considerando a folga natural entre lotes) | F32: Palestras deste lote podem precisar de reforço de mobilização/reagendamento se o quórum não fechar. | G32: Condicionado à validação
B33: Lote 2 (DH 4, DH 5, DH 6) | C33: 46267 | D33: -15 dia(s) de folga antes de empurrar o lote 3 | E33: 4ª turma: +7d; fim da fase DH: +52d (considerando a folga natural entre lotes) | F33: Palestras deste lote podem precisar de reforço de mobilização/reagendamento se o quórum não fechar. | G33: Condicionado à validação
B34: Lote 3 (DH 7, DH 8, DH 9) | C34: 46287 | D34: -10 dia(s) de folga antes de empurrar o lote 4 | E34: 4ª turma: sem mudança; fim da fase DH: +37d (considerando a folga natural entre lotes) | F34: Palestras deste lote podem precisar de reforço de mobilização/reagendamento se o quórum não fechar. | G34: Condicionado à validação
B35: Lote 4 (DH 10, DH 11, DH 12) | C35: 46307 | D35: -20 dia(s) de folga antes de empurrar o lote 5 | E35: 4ª turma: sem mudança; fim da fase DH: +27d (considerando a folga natural entre lotes) | F35: Palestras deste lote podem precisar de reforço de mobilização/reagendamento se o quórum não fechar. | G35: Condicionado à validação
B36: Lote 5 (DH 13, DH 14, DH 15) | C36: 46322 | D36: Último lote — atraso aqui só afeta o fim da fase DH | E36: 4ª turma: sem mudança; fim da fase DH: +7d (considerando a folga natural entre lotes) | F36: Palestras deste lote podem precisar de reforço de mobilização/reagendamento se o quórum não fechar. | G36: Condicionado à validação
B38: SIMULAÇÃO DE IMPACTO — ATRASO DE 7 DIAS NO LOTE 1 (ex.: quórum insuficiente nas primeiras Palestras)
B39: Cenário de folga | C39: 4ª turma concluída (original) | D39: 4ª turma concluída (com atraso) | E39: Fim da fase DH (original) | F39: Fim da fase DH (com atraso) | G39: Leitura
B40: Otimista — folgas naturais entre lotes absorvem parte do atraso | C40: 46309 | D40: 46331 | E40: 46359 | F40: 46426 | G40: 4ª turma desloca 22d; fim da fase DH desloca 67d
B41: Conservador (pior caso) — nenhuma folga é aproveitada, atraso se propaga integralmente | C41: 46309 | D41: 46316 | E41: 46359 | F41: 46366 | G41: 4ª turma desloca 7d; fim da fase DH desloca 7d

Sheet 07_CENARIO_B
B2: CENÁRIO B — 3 SALAS | DH 5x/semana ★ MENOR DURAÇÃO — RECOMENDADO PARA NEGOCIAÇÃO (condicionado)
B3: Maior velocidade; acompanha melhor a formacao das turmas. | Indicação: Recomendado para negociacao
B5: Turma DH | C5: Lote | D5: Sala | E5: Cadência | F5: Início | G5: Término | H5: Encontros | I5: Nº aprox. de participantes | J5: Observação
B6: DH 1 | C6: 1 | D6: Sala 1 | E6: Seg-Sex | F6: 46258 | G6: 46269 | H6: 10 | I6: —
B7: DH 2 | C7: 1 | D7: Sala 2 | E7: Seg-Sex | F7: 46258 | G7: 46269 | H7: 10 | I7: —
B8: DH 3 | C8: 1 | D8: Sala 3 | E8: Seg-Sex | F8: 46258 | G8: 46269 | H8: 10 | I8: —
B9: DH 4 | C9: 2 | D9: Sala 1 | E9: Seg-Sex | F9: 46273 | G9: 46286 | H9: 10 | I9: —
B10: DH 5 | C10: 2 | D10: Sala 2 | E10: Seg-Sex | F10: 46273 | G10: 46286 | H10: 10 | I10: —
B11: DH 6 | C11: 2 | D11: Sala 3 | E11: Seg-Sex | F11: 46273 | G11: 46286 | H11: 10 | I11: —
B12: DH 7 | C12: 3 | D12: Sala 1 | E12: Seg-Sex | F12: 46287 | G12: 46300 | H12: 10 | I12: —
B13: DH 8 | C13: 3 | D13: Sala 2 | E13: Seg-Sex | F13: 46287 | G13: 46300 | H13: 10 | I13: —
B14: DH 9 | C14: 3 | D14: Sala 3 | E14: Seg-Sex | F14: 46287 | G14: 46300 | H14: 10 | I14: —
B15: DH 10 | C15: 4 | D15: Sala 1 | E15: Seg-Sex | F15: 46301 | G15: 46315 | H15: 10 | I15: Encontro cai em feriado: 12/10
B16: DH 11 | C16: 4 | D16: Sala 2 | E16: Seg-Sex | F16: 46301 | G16: 46315 | H16: 10 | I16: Encontro cai em feriado: 12/10
B17: DH 12 | C17: 4 | D17: Sala 3 | E17: Seg-Sex | F17: 46301 | G17: 46315 | H17: 10 | I17: Encontro cai em feriado: 12/10
... B20: DH 15 | C20: 5 | D20: Sala 3 | E20: Seg-Sex | F20: 46316 | G20: 46330 | H20: 10 | I20: Encontro cai em feriado: 02/11
B22: Indicador | C22: Resultado | D22: Leitura
B23: Início da 1ª turma | C23: =MIN(F6:F20) | D23: Marco de início da fase de Desenvolvimento Humano
B24: Conclusão da 4ª turma | C24: =SMALL(G6:G20,4) | D24: Marco para liberar o primeiro lote de Curso Técnico (premissa: após 4 DH) — data PROPOSTA, condicionada a quórum real
B25: Conclusão da 15ª turma (todas) | C25: =MAX(G6:G20) | D25: Fim estimado da fase de Desenvolvimento Humano
B26: Duração da fase DH (dias corridos) | C26: =C25-C23+1 | D26: Da 1ª turma iniciada até a 15ª concluída
B27: Turmas ativas na mesma semana (pico) | C27: 6 | D27: Nº de turmas com o período [início,término] tocando a mesma semana corrida — NÃO é o nº de turmas se encontrando na mesma noite.
B28: Máximo de turmas na MESMA noite (mesma sala/horário) | C28: 3 | D28: Limite físico real: 3 sala(s) → no máximo 3 atividades simultâneas por noite. O uso alternado de dias (ex.: Seg/Qua com Ter/Qui) permite mais turmas ATIVAS na semana, mas não aumenta o nº de salas físicas disponíveis por noite.
B30: MARCOS DE VALIDAÇÃO DE QUÓRUM POR LOTE — formação de turma é CONDICIONADA, não automática
B31: Lote | C31: Data planejada de validação | D31: Data-limite / janela de contingência | E31: Impacto de atraso de 7 dias no lote | F31: Risco de palestra reagendada | G31: Status
B32: Lote 1 (DH 1, DH 2, DH 3) | C32: 46251 | D32: 4 dia(s) de folga antes de empurrar o lote 2 | E32: 4ª turma: +3d; fim da fase DH: sem mudança (considerando a folga natural entre lotes) | F32: Palestras deste lote podem precisar de reforço de mobilização/reagendamento se o quórum não fechar. | G32: Condicionado à validação
B33: Lote 2 (DH 4, DH 5, DH 6) | C33: 46266 | D33: 1 dia(s) de folga antes de empurrar o lote 3 | E33: 4ª turma: +7d; fim da fase DH: +4d (considerando a folga natural entre lotes) | F33: Palestras deste lote podem precisar de reforço de mobilização/reagendamento se o quórum não fechar. | G33: Condicionado à validação
B34: Lote 3 (DH 7, DH 8, DH 9) | C34: 46280 | D34: 1 dia(s) de folga antes de empurrar o lote 4 | E34: 4ª turma: sem mudança; fim da fase DH: +5d (considerando a folga natural entre lotes) | F34: Palestras deste lote podem precisar de reforço de mobilização/reagendamento se o quórum não fechar. | G34: Condicionado à validação
B35: Lote 4 (DH 10, DH 11, DH 12) | C35: 46294 | D35: 1 dia(s) de folga antes de empurrar o lote 5 | E35: 4ª turma: sem mudança; fim da fase DH: +6d (considerando a folga natural entre lotes) | F35: Palestras deste lote podem precisar de reforço de mobilização/reagendamento se o quórum não fechar. | G35: Condicionado à validação
B36: Lote 5 (DH 13, DH 14, DH 15) | C36: 46309 | D36: Último lote — atraso aqui só afeta o fim da fase DH | E36: 4ª turma: sem mudança; fim da fase DH: +7d (considerando a folga natural entre lotes) | F36: Palestras deste lote podem precisar de reforço de mobilização/reagendamento se o quórum não fechar. | G36: Condicionado à validação
B38: SIMULAÇÃO DE IMPACTO — ATRASO DE 7 DIAS NO LOTE 1 (ex.: quórum insuficiente nas primeiras Palestras)
B39: Cenário de folga | C39: 4ª turma concluída (original) | D39: 4ª turma concluída (com atraso) | E39: Fim da fase DH (original) | F39: Fim da fase DH (com atraso) | G39: Leitura
B40: Otimista — folgas naturais entre lotes absorvem parte do atraso | C40: 46286 | D40: 46289 | E40: 46330 | F40: 46330 | G40: 4ª turma desloca 3d; fim da fase DH desloca 0d
B41: Conservador (pior caso) — nenhuma folga é aproveitada, atraso se propaga integralmente | C41: 46286 | D41: 46293 | E41: 46330 | F41: 46337 | G41: 4ª turma desloca 7d; fim da fase DH desloca 7d
B43: OFICINA DE GESTÃO — DUAS VARIANTES DE ESPAÇO (NENHUMA CONFIRMADA) — "CENÁRIO B" NÃO DEFINE ISSO SOZINHO
B44: A V1 deste arquivo tratou 3 espaços adicionais de OG como certos. Nesta V2, isso é explicitado como uma escolha em aberto entre duas variantes — o nome do cenário muda conforme a escolha, porque a necessidade total de espaços físicos é diferente em cada uma.
B45: Variante | C45: Espaço usado | D45: OG início | E45: OG término | F45: Conflitos de sala | G45: Necessidade total de espaços | H45: Risco operacional
B46: Cenário B1 — 3 salas de DH + 3 espaços ADICIONAIS de OG | C46: 3 espaços dedicados, distintos das 3 salas de DH (NÃO CONFIRMADO) | D46: 46276 | E46: 46338 | F46: Nenhum (espaços dedicados, verificado dia a dia) | G46: 6 espaços no total (3 DH + 3 OG) | H46: Depende de viabilizar 3 espaços adicionais — sem eles, este plano não é executável.
B47: Cenário B2 — 3 salas totais, compartilhadas entre DH e OG | C47: As mesmas 3 salas do DH (sem espaço adicional) | D47: 46331 | E47: 46344 | F47: Nenhum (OG só ocupa a sala após o fim total da fase DH, em ondas sequenciais) | G47: 3 espaços no total (sem espaço adicional) | H47: OG só começa em 05/11/2026 (após o fim da fase DH) e só termina em 18/11/2026 — atraso de 55 dias no início da OG frente à variante B1, empurrando também Curso Técnico e Consultoria Individual para quem depende da OG.
B49: DECISÃO NECESSÁRIA: a coordenação precisa optar formalmente entre B1 (mais rápido, mas depende de 3 espaços adicionais não confirmados) e B2 (não depende de espaço extra, mas atrasa a OG e tudo que depende dela). Nenhuma das duas está aprovada nesta versão.

Sheet 08_CENARIO_C
B2: CENÁRIO C — 2 SALAS | DH 2x/semana
B3: Baixa capacidade; atravessa o recesso e termina em fevereiro. | Indicação: Nao recomendado
B5: Turma DH | C5: Lote | D5: Sala | E5: Cadência | F5: Início | G5: Término | H5: Encontros | I5: Nº aprox. de participantes | J5: Observação
B6: DH 1 | C6: 1 | D6: Sala 1 | E6: Ter/Qui | F6: 46259 | G6: 46289 | H6: 10 | I6: —
B7: DH 2 | C7: 1 | D7: Sala 2 | E7: Ter/Qui | F7: 46259 | G7: 46289 | H7: 10 | I7: —
B8: DH 3 | C8: 1 | D8: Sala 1 | E8: Seg/Qua | F8: 46258 | G8: 46293 | H8: 10 | I8: Encontro cai em feriado: 07/09
B9: DH 4 | C9: 2 | D9: Sala 2 | E9: Seg/Qua | F9: 46274 | G9: 46309 | H9: 10 | I9: Encontro cai em feriado: 12/10
B10: DH 5 | C10: 2 | D10: Sala 1 | E10: Ter/Qui | F10: 46294 | G10: 46324 | H10: 10 | I10: —
B11: DH 6 | C11: 2 | D11: Sala 2 | E11: Ter/Qui | F11: 46294 | G11: 46324 | H11: 10 | I11: —
B12: DH 7 | C12: 3 | D12: Sala 1 | E12: Seg/Qua | F12: 46295 | G12: 46335 | H12: 10 | I12: Encontro cai em feriado: 12/10, 02/11
B13: DH 8 | C13: 3 | D13: Sala 2 | E13: Seg/Qua | F13: 46314 | G13: 46349 | H13: 10 | I13: Encontro cai em feriado: 02/11
B14: DH 9 | C14: 3 | D14: Sala 1 | E14: Ter/Qui | F14: 46329 | G14: 46359 | H14: 10 | I14: —
B15: DH 10 | C15: 4 | D15: Sala 2 | E15: Ter/Qui | F15: 46329 | G15: 46359 | H15: 10 | I15: —
B16: DH 11 | C16: 4 | D16: Sala 1 | E16: Seg/Qua | F16: 46337 | G16: 46370 | H16: 10 | I16: —
B17: DH 12 | C17: 4 | D17: Sala 2 | E17: Seg/Qua | F17: 46351 | G17: 46405 | H17: 10 | I17: Atravessa o recesso institucional (21/12-08/01) — pendente de confirmação
... B20: DH 15 | C20: 5 | D20: Sala 1 | E20: Seg/Qua | F20: 46372 | G20: 46426 | H20: 10 | I20: Atravessa o recesso institucional (21/12-08/01) — pendente de confirmação
B22: Indicador | C22: Resultado | D22: Leitura
B23: Início da 1ª turma | C23: =MIN(F6:F20) | D23: Marco de início da fase de Desenvolvimento Humano
B24: Conclusão da 4ª turma | C24: =SMALL(G6:G20,4) | D24: Marco para liberar o primeiro lote de Curso Técnico (premissa: após 4 DH) — data PROPOSTA, condicionada a quórum real
B25: Conclusão da 15ª turma (todas) | C25: =MAX(G6:G20) | D25: Fim estimado da fase de Desenvolvimento Humano
B26: Duração da fase DH (dias corridos) | C26: =C25-C23+1 | D26: Da 1ª turma iniciada até a 15ª concluída
B27: Turmas ativas na mesma semana (pico) | C27: 5 | D27: Nº de turmas com o período [início,término] tocando a mesma semana corrida — NÃO é o nº de turmas se encontrando na mesma noite.
B28: Máximo de turmas na MESMA noite (mesma sala/horário) | C28: 2 | D28: Limite físico real: 2 sala(s) → no máximo 2 atividades simultâneas por noite. O uso alternado de dias (ex.: Seg/Qua com Ter/Qui) permite mais turmas ATIVAS na semana, mas não aumenta o nº de salas físicas disponíveis por noite.
B30: MARCOS DE VALIDAÇÃO DE QUÓRUM POR LOTE — formação de turma é CONDICIONADA, não automática
B31: Lote | C31: Data planejada de validação | D31: Data-limite / janela de contingência | E31: Impacto de atraso de 7 dias no lote | F31: Risco de palestra reagendada | G31: Status
B32: Lote 1 (DH 1, DH 2, DH 3) | C32: 46251 | D32: -19 dia(s) de folga antes de empurrar o lote 2 | E32: 4ª turma: +26d; fim da fase DH: +126d (considerando a folga natural entre lotes) | F32: Palestras deste lote podem precisar de reforço de mobilização/reagendamento se o quórum não fechar. | G32: Condicionado à validação
B33: Lote 2 (DH 4, DH 5, DH 6) | C33: 46267 | D33: -29 dia(s) de folga antes de empurrar o lote 3 | E33: 4ª turma: +7d; fim da fase DH: +107d (considerando a folga natural entre lotes) | F33: Palestras deste lote podem precisar de reforço de mobilização/reagendamento se o quórum não fechar. | G33: Condicionado à validação
B34: Lote 3 (DH 7, DH 8, DH 9) | C34: 46288 | D34: -30 dia(s) de folga antes de empurrar o lote 4 | E34: 4ª turma: sem mudança; fim da fase DH: +78d (considerando a folga natural entre lotes) | F34: Palestras deste lote podem precisar de reforço de mobilização/reagendamento se o quórum não fechar. | G34: Condicionado à validação
B35: Lote 4 (DH 10, DH 11, DH 12) | C35: 46322 | D35: -41 dia(s) de folga antes de empurrar o lote 5 | E35: 4ª turma: sem mudança; fim da fase DH: +48d (considerando a folga natural entre lotes) | F35: Palestras deste lote podem precisar de reforço de mobilização/reagendamento se o quórum não fechar. | G35: Condicionado à validação
B36: Lote 5 (DH 13, DH 14, DH 15) | C36: 46357 | D36: Último lote — atraso aqui só afeta o fim da fase DH | E36: 4ª turma: sem mudança; fim da fase DH: +7d (considerando a folga natural entre lotes) | F36: Palestras deste lote podem precisar de reforço de mobilização/reagendamento se o quórum não fechar. | G36: Condicionado à validação
B38: SIMULAÇÃO DE IMPACTO — ATRASO DE 7 DIAS NO LOTE 1 (ex.: quórum insuficiente nas primeiras Palestras)
B39: Cenário de folga | C39: 4ª turma concluída (original) | D39: 4ª turma concluída (com atraso) | E39: Fim da fase DH (original) | F39: Fim da fase DH (com atraso) | G39: Leitura
B40: Otimista — folgas naturais entre lotes absorvem parte do atraso | C40: 46309 | D40: 46335 | E40: 46426 | F40: 46552 | G40: 4ª turma desloca 26d; fim da fase DH desloca 126d
B41: Conservador (pior caso) — nenhuma folga é aproveitada, atraso se propaga integralmente | C41: 46309 | D41: 46316 | E41: 46426 | F41: 46433 | G41: 4ª turma desloca 7d; fim da fase DH desloca 7d

Sheet 09_CENARIO_D
B2: CENÁRIO D — 2 SALAS | DH 5x/semana
B3: Viavel, porem com pouca folga e alta intensidade diaria. | Indicação: Plano de contingencia
B5: Turma DH | C5: Lote | D5: Sala | E5: Cadência | F5: Início | G5: Término | H5: Encontros | I5: Nº aprox. de participantes | J5: Observação
B6: DH 1 | C6: 1 | D6: Sala 1 | E6: Seg-Sex | F6: 46258 | G6: 46269 | H6: 10 | I6: —
B7: DH 2 | C7: 1 | D7: Sala 2 | E7: Seg-Sex | F7: 46258 | G7: 46269 | H7: 10 | I7: —
B8: DH 3 | C8: 2 | D8: Sala 1 | E8: Seg-Sex | F8: 46273 | G8: 46286 | H8: 10 | I8: —
B9: DH 4 | C9: 2 | D9: Sala 2 | E9: Seg-Sex | F9: 46273 | G9: 46286 | H9: 10 | I9: —
B10: DH 5 | C10: 3 | D10: Sala 1 | E10: Seg-Sex | F10: 46287 | G10: 46300 | H10: 10 | I10: —
B11: DH 6 | C11: 3 | D11: Sala 2 | E11: Seg-Sex | F11: 46287 | G11: 46300 | H11: 10 | I11: —
B12: DH 7 | C12: 4 | D12: Sala 1 | E12: Seg-Sex | F12: 46301 | G12: 46315 | H12: 10 | I12: Encontro cai em feriado: 12/10
B13: DH 8 | C13: 4 | D13: Sala 2 | E13: Seg-Sex | F13: 46301 | G13: 46315 | H13: 10 | I13: Encontro cai em feriado: 12/10
B14: DH 9 | C14: 5 | D14: Sala 1 | E14: Seg-Sex | F14: 46316 | G14: 46330 | H14: 10 | I14: Encontro cai em feriado: 02/11
B15: DH 10 | C15: 5 | D15: Sala 2 | E15: Seg-Sex | F15: 46316 | G15: 46330 | H15: 10 | I15: Encontro cai em feriado: 02/11
B16: DH 11 | C16: 6 | D16: Sala 1 | E16: Seg-Sex | F16: 46331 | G16: 46344 | H16: 10 | I16: —
B17: DH 12 | C17: 6 | D17: Sala 2 | E17: Seg-Sex | F17: 46331 | G17: 46344 | H17: 10 | I17: —
... B20: DH 15 | C20: 8 | D20: Sala 1 | E20: Seg-Sex | F20: 46360 | G20: 46373 | H20: 10 | I20: —
B22: Indicador | C22: Resultado | D22: Leitura
B23: Início da 1ª turma | C23: =MIN(F6:F20) | D23: Marco de início da fase de Desenvolvimento Humano
B24: Conclusão da 4ª turma | C24: =SMALL(G6:G20,4) | D24: Marco para liberar o primeiro lote de Curso Técnico (premissa: após 4 DH) — data PROPOSTA, condicionada a quórum real
B25: Conclusão da 15ª turma (todas) | C25: =MAX(G6:G20) | D25: Fim estimado da fase de Desenvolvimento Humano
B26: Duração da fase DH (dias corridos) | C26: =C25-C23+1 | D26: Da 1ª turma iniciada até a 15ª concluída
B27: Turmas ativas na mesma semana (pico) | C27: 4 | D27: Nº de turmas com o período [início,término] tocando a mesma semana corrida — NÃO é o nº de turmas se encontrando na mesma noite.
B28: Máximo de turmas na MESMA noite (mesma sala/horário) | C28: 2 | D28: Limite físico real: 2 sala(s) → no máximo 2 atividades simultâneas por noite. O uso alternado de dias (ex.: Seg/Qua com Ter/Qui) permite mais turmas ATIVAS na semana, mas não aumenta o nº de salas físicas disponíveis por noite.
B30: MARCOS DE VALIDAÇÃO DE QUÓRUM POR LOTE — formação de turma é CONDICIONADA, não automática
B31: Lote | C31: Data planejada de validação | D31: Data-limite / janela de contingência | E31: Impacto de atraso de 7 dias no lote | F31: Risco de palestra reagendada | G31: Status
B32: Lote 1 (DH 1, DH 2) | C32: 46251 | D32: 4 dia(s) de folga antes de empurrar o lote 2 | E32: 4ª turma: +3d; fim da fase DH: sem mudança (considerando a folga natural entre lotes) | F32: Palestras deste lote podem precisar de reforço de mobilização/reagendamento se o quórum não fechar. | G32: Condicionado à validação
B33: Lote 2 (DH 3, DH 4) | C33: 46266 | D33: 1 dia(s) de folga antes de empurrar o lote 3 | E33: 4ª turma: +7d; fim da fase DH: +1d (considerando a folga natural entre lotes) | F33: Palestras deste lote podem precisar de reforço de mobilização/reagendamento se o quórum não fechar. | G33: Condicionado à validação
B34: Lote 3 (DH 5, DH 6) | C34: 46280 | D34: 1 dia(s) de folga antes de empurrar o lote 4 | E34: 4ª turma: sem mudança; fim da fase DH: +2d (considerando a folga natural entre lotes) | F34: Palestras deste lote podem precisar de reforço de mobilização/reagendamento se o quórum não fechar. | G34: Condicionado à validação
B35: Lote 4 (DH 7, DH 8) | C35: 46294 | D35: 1 dia(s) de folga antes de empurrar o lote 5 | E35: 4ª turma: sem mudança; fim da fase DH: +3d (considerando a folga natural entre lotes) | F35: Palestras deste lote podem precisar de reforço de mobilização/reagendamento se o quórum não fechar. | G35: Condicionado à validação
B36: Lote 5 (DH 9, DH 10) | C36: 46309 | D36: 1 dia(s) de folga antes de empurrar o lote 6 | E36: 4ª turma: sem mudança; fim da fase DH: +4d (considerando a folga natural entre lotes) | F36: Palestras deste lote podem precisar de reforço de mobilização/reagendamento se o quórum não fechar. | G36: Condicionado à validação
B37: Lote 6 (DH 11, DH 12) | C37: 46324 | D37: 1 dia(s) de folga antes de empurrar o lote 7 | E37: 4ª turma: sem mudança; fim da fase DH: +5d (considerando a folga natural entre lotes) | F37: Palestras deste lote podem precisar de reforço de mobilização/reagendamento se o quórum não fechar. | G37: Condicionado à validação
B38: Lote 7 (DH 13, DH 14) | C38: 46338 | D38: 1 dia(s) de folga antes de empurrar o lote 8 | E38: 4ª turma: sem mudança; fim da fase DH: +6d (considerando a folga natural entre lotes) | F38: Palestras deste lote podem precisar de reforço de mobilização/reagendamento se o quórum não fechar. | G38: Condicionado à validação
B39: Lote 8 (DH 15) | C39: 46353 | D39: Último lote — atraso aqui só afeta o fim da fase DH | E39: 4ª turma: sem mudança; fim da fase DH: +7d (considerando a folga natural entre lotes) | F39: Palestras deste lote podem precisar de reforço de mobilização/reagendamento se o quórum não fechar. | G39: Condicionado à validação
B41: SIMULAÇÃO DE IMPACTO — ATRASO DE 7 DIAS NO LOTE 1 (ex.: quórum insuficiente nas primeiras Palestras)
B42: Cenário de folga | C42: 4ª turma concluída (original) | D42: 4ª turma concluída (com atraso) | E42: Fim da fase DH (original) | F42: Fim da fase DH (com atraso) | G42: Leitura
B43: Otimista — folgas naturais entre lotes absorvem parte do atraso | C43: 46286 | D43: 46289 | E43: 46373 | F43: 46373 | G43: 4ª turma desloca 3d; fim da fase DH desloca 0d
B44: Conservador (pior caso) — nenhuma folga é aproveitada, atraso se propaga integralmente | C44: 46286 | D44: 46293 | E44: 46373 | F44: 46380 | G44: 4ª turma desloca 7d; fim da fase DH desloca 7d

Sheet 10_CRONOGRAMA_MESTRE
B2: CRONOGRAMA MESTRE DE PAULÍNIA — VISÃO COMPLETA DA EXECUÇÃO
B3: Referência: Cenário B + variante B1 de OG (NÃO confirmada). Parte dos Cursos Técnicos e da Consultoria Individual permanece programada para 2027 — ver 04_RESUMO_EXECUTIVO.
B5: Etapa | C5: Atividade / Turma | D5: Início | E5: Término | F5: Local / Sala | G5: Observação (premissa/situação)
B6: PS | C6: Palestras de Sensibilização (PS 01-30) | D6: 46245 | E6: 46310 | F6: A definir por comunidade | G6: 3x/semana (Ter/Qua/Qui), 2h cada — Confirmada
B7: DH | C7: DH 1 | D7: 46258 | E7: 46269 | F7: Sala 1 | G7: Cadência Seg-Sex — Cenário B (referência desta versão)
B8: DH | C8: DH 2 | D8: 46258 | E8: 46269 | F8: Sala 2 | G8: Cadência Seg-Sex — Cenário B (referência desta versão)
B9: DH | C9: DH 3 | D9: 46258 | E9: 46269 | F9: Sala 3 | G9: Cadência Seg-Sex — Cenário B (referência desta versão)
B10: REC | C10: Feriado: Independencia do Brasil | D10: 46272 | E10: 46272 | F10: — | G10: Confirmada (calendário municipal)
B11: DH | C11: DH 4 | D11: 46273 | E11: 46286 | F11: Sala 1 | G11: Cadência Seg-Sex — Cenário B (referência desta versão)
B12: DH | C12: DH 5 | D12: 46273 | E12: 46286 | F12: Sala 2 | G12: Cadência Seg-Sex — Cenário B (referência desta versão)
B13: DH | C13: DH 6 | D13: 46273 | E13: 46286 | F13: Sala 3 | G13: Cadência Seg-Sex — Cenário B (referência desta versão)
B14: OG | C14: OG 1 | D14: 46276 | E14: 46279 | F14: Espaço OG 1 (ADICIONAL, não confirmado) | G14: Predecessora: DH 1 — Variante B1 (espaço ADICIONAL, NÃO confirmado; ver B2 na aba 07)
B15: OG | C15: OG 2 | D15: 46276 | E15: 46279 | F15: Espaço OG 2 (ADICIONAL, não confirmado) | G15: Predecessora: DH 2 — Variante B1 (espaço ADICIONAL, NÃO confirmado; ver B2 na aba 07)
B16: OG | C16: OG 3 | D16: 46276 | E16: 46279 | F16: Espaço OG 3 (ADICIONAL, não confirmado) | G16: Predecessora: DH 3 — Variante B1 (espaço ADICIONAL, NÃO confirmado; ver B2 na aba 07)
B17: DH | C17: DH 7 | D17: 46287 | E17: 46300 | F17: Sala 1 | G17: Cadência Seg-Sex — Cenário B (referência desta versão)
... B55: CT | C55: CT4b — Preparacao de Alimentos | D55: 46405 | E55: 46422 | F55: Fundo Social / SENAC | G55: Data proposta para simulação — pendente de quórum, contratação e validação do fornecedor
B57: LEGENDA
C58: PS - Palestra de Sensibilização
C59: DH - Desenvolvimento Humano
C60: OG - Oficina de Gestão
C61: CT - Curso Técnico
C62: EAD - Curso Online
C63: CI - Consultoria Individual
C64: REC - Recesso / feriado

Sheet 11_AGENDA_POR_SALA
B2: AGENDA POR SALA — SEM SOBREPOSIÇÃO CONFIRMADA (checagem dia a dia por cadência real)
B3: Cenário B: 3 salas de DH. Duas variantes de OG mostradas lado a lado (B1: espaço adicional NÃO confirmado; B2: mesmas salas do DH).
B5: SALAS DE DH
B6: Sala | C6: Turma | D6: Tipo | E6: Início | F6: Término | G6: Cadência | H6: Conflito de horário? | I6: Observação
B7: Sala 1 | C7: DH 1 | D7: DH | E7: 46258 | F7: 46269 | G7: Seg-Sex | H7: Não (verificado dia a dia por cadência)
B8: Sala 2 | C8: DH 2 | D8: DH | E8: 46258 | F8: 46269 | G8: Seg-Sex | H8: Não (verificado dia a dia por cadência)
B9: Sala 3 | C9: DH 3 | D9: DH | E9: 46258 | F9: 46269 | G9: Seg-Sex | H9: Não (verificado dia a dia por cadência)
B10: Sala 1 | C10: DH 4 | D10: DH | E10: 46273 | F10: 46286 | G10: Seg-Sex | H10: Não (verificado dia a dia por cadência)
B11: Sala 2 | C11: DH 5 | D11: DH | E11: 46273 | F11: 46286 | G11: Seg-Sex | H11: Não (verificado dia a dia por cadência)
B12: Sala 3 | C12: DH 6 | D12: DH | E12: 46273 | F12: 46286 | G12: Seg-Sex | H12: Não (verificado dia a dia por cadência)
B13: Sala 1 | C13: DH 7 | D13: DH | E13: 46287 | F13: 46300 | G13: Seg-Sex | H13: Não (verificado dia a dia por cadência)
B14: Sala 2 | C14: DH 8 | D14: DH | E14: 46287 | F14: 46300 | G14: Seg-Sex | H14: Não (verificado dia a dia por cadência)
B15: Sala 3 | C15: DH 9 | D15: DH | E15: 46287 | F15: 46300 | G15: Seg-Sex | H15: Não (verificado dia a dia por cadência)
B16: Sala 1 | C16: DH 10 | D16: DH | E16: 46301 | F16: 46315 | G16: Seg-Sex | H16: Não (verificado dia a dia por cadência)
B17: Sala 2 | C17: DH 11 | D17: DH | E17: 46301 | F17: 46315 | G17: Seg-Sex | H17: Não (verificado dia a dia por cadência)
B18: Sala 3 | C18: DH 12 | D18: DH | E18: 46301 | F18: 46315 | G18: Seg-Sex | H18: Não (verificado dia a dia por cadência)
... B21: Sala 3 | C21: DH 15 | D21: DH | E21: 46316 | F21: 46330 | G21: Seg-Sex | H21: Não (verificado dia a dia por cadência)
B23: VARIANTE B1 — OG EM ESPAÇOS ADICIONAIS (NÃO CONFIRMADO)
B24: Espaço | C24: Turma | D24: Tipo | E24: Início | F24: Término | G24: Cadência | H24: Conflito de horário? | I24: Observação
B25: Espaço OG 1 (ADICIONAL, não confirmado) | C25: OG 1 | D25: OG | E25: 46276 | F25: 46279 | G25: Seg-Sex (2 enc.) | H25: Não (espaço dedicado)
B26: Espaço OG 1 (ADICIONAL, não confirmado) | C26: OG 4 | D26: OG | E26: 46293 | F26: 46294 | G26: Seg-Sex (2 enc.) | H26: Não (espaço dedicado)
B27: Espaço OG 1 (ADICIONAL, não confirmado) | C27: OG 7 | D27: OG | E27: 46308 | F27: 46309 | G27: Seg-Sex (2 enc.) | H27: Não (espaço dedicado)
B28: Espaço OG 1 (ADICIONAL, não confirmado) | C28: OG 10 | D28: OG | E28: 46322 | F28: 46323 | G28: Seg-Sex (2 enc.) | H28: Não (espaço dedicado)
B29: Espaço OG 1 (ADICIONAL, não confirmado) | C29: OG 13 | D29: OG | E29: 46337 | F29: 46338 | G29: Seg-Sex (2 enc.) | H29: Não (espaço dedicado)
B30: Espaço OG 2 (ADICIONAL, não confirmado) | C30: OG 2 | D30: OG | E30: 46276 | F30: 46279 | G30: Seg-Sex (2 enc.) | H30: Não (espaço dedicado)
B31: Espaço OG 2 (ADICIONAL, não confirmado) | C31: OG 5 | D31: OG | E31: 46293 | F31: 46294 | G31: Seg-Sex (2 enc.) | H31: Não (espaço dedicado)
B32: Espaço OG 2 (ADICIONAL, não confirmado) | C32: OG 8 | D32: OG | E32: 46308 | F32: 46309 | G32: Seg-Sex (2 enc.) | H32: Não (espaço dedicado)
B33: Espaço OG 2 (ADICIONAL, não confirmado) | C33: OG 11 | D33: OG | E33: 46322 | F33: 46323 | G33: Seg-Sex (2 enc.) | H33: Não (espaço dedicado)
B34: Espaço OG 2 (ADICIONAL, não confirmado) | C34: OG 14 | D34: OG | E34: 46337 | F34: 46338 | G34: Seg-Sex (2 enc.) | H34: Não (espaço dedicado)
B35: Espaço OG 3 (ADICIONAL, não confirmado) | C35: OG 3 | D35: OG | E35: 46276 | F35: 46279 | G35: Seg-Sex (2 enc.) | H35: Não (espaço dedicado)
B36: Espaço OG 3 (ADICIONAL, não confirmado) | C36: OG 6 | D36: OG | E36: 46293 | F36: 46294 | G36: Seg-Sex (2 enc.) | H36: Não (espaço dedicado)
... B39: Espaço OG 3 (ADICIONAL, não confirmado) | C39: OG 15 | D39: OG | E39: 46337 | F39: 46338 | G39: Seg-Sex (2 enc.) | H39: Não (espaço dedicado)
B41: VARIANTE B2 — OG NAS MESMAS 3 SALAS DE DH (após o fim total da fase DH)
B42: Sala | C42: Turma | D42: Tipo | E42: Início | F42: Término | G42: Cadência | H42: Conflito de horário? | I42: Observação
B43: Sala 1 | C43: OG 1 | D43: OG | E43: 46331 | F43: 46332 | G43: Seg-Sex (2 enc.) | H43: Não (roda em ondas sequenciais)
B44: Sala 1 | C44: OG 4 | D44: OG | E44: 46335 | F44: 46336 | G44: Seg-Sex (2 enc.) | H44: Não (roda em ondas sequenciais)
B45: Sala 1 | C45: OG 7 | D45: OG | E45: 46337 | F45: 46338 | G45: Seg-Sex (2 enc.) | H45: Não (roda em ondas sequenciais)
B46: Sala 1 | C46: OG 10 | D46: OG | E46: 46339 | F46: 46342 | G46: Seg-Sex (2 enc.) | H46: Não (roda em ondas sequenciais)
B47: Sala 1 | C47: OG 13 | D47: OG | E47: 46343 | F47: 46344 | G47: Seg-Sex (2 enc.) | H47: Não (roda em ondas sequenciais)
B48: Sala 2 | C48: OG 2 | D48: OG | E48: 46331 | F48: 46332 | G48: Seg-Sex (2 enc.) | H48: Não (roda em ondas sequenciais)
B49: Sala 2 | C49: OG 5 | D49: OG | E49: 46335 | F49: 46336 | G49: Seg-Sex (2 enc.) | H49: Não (roda em ondas sequenciais)
B50: Sala 2 | C50: OG 8 | D50: OG | E50: 46337 | F50: 46338 | G50: Seg-Sex (2 enc.) | H50: Não (roda em ondas sequenciais)
B51: Sala 2 | C51: OG 11 | D51: OG | E51: 46339 | F51: 46342 | G51: Seg-Sex (2 enc.) | H51: Não (roda em ondas sequenciais)
B52: Sala 2 | C52: OG 14 | D52: OG | E52: 46343 | F52: 46344 | G52: Seg-Sex (2 enc.) | H52: Não (roda em ondas sequenciais)
B53: Sala 3 | C53: OG 3 | D53: OG | E53: 46331 | F53: 46332 | G53: Seg-Sex (2 enc.) | H53: Não (roda em ondas sequenciais)
B54: Sala 3 | C54: OG 6 | D54: OG | E54: 46335 | F54: 46336 | G54: Seg-Sex (2 enc.) | H54: Não (roda em ondas sequenciais)
... B57: Sala 3 | C57: OG 15 | D57: OG | E57: 46343 | F57: 46344 | G57: Seg-Sex (2 enc.) | H57: Não (roda em ondas sequenciais)
B59: LOCAIS EXTERNOS — CURSOS TÉCNICOS (fornecedores; datas propostas para simulação)
B60: Fornecedor / Local | C60: Turma | D60: Tema | E60: Início | F60: Término | G60: Período livre até próxima turma | H60: Observação
B61: Fundo Social / SENAI | C61: CT1a | D61: Corte e Costura | E61: 46293 | F61: 46302 | G61: 6 dias até CT1b | H61: Data proposta para simulação
B62: Fundo Social / SENAI | C62: CT1b | D62: Corte e Costura | E62: 46308 | F62: 46317 | G62: Última turma desta trilha | H62: Data proposta para simulação
B63: Fundo Social / SENAC | C63: CT3 | D63: Beleza / Unhas | E63: 46321 | F63: 46335 | G63: 3 dias até CT5 | H63: Data proposta para simulação
B64: Fundo Social / SENAC | C64: CT5 | D64: Beleza / Cabelos Cacheados e Crespos | E64: 46338 | F64: 46358 | G64: 5 dias até CT4a | H64: Data proposta para simulação
B65: Fundo Social / SENAC | C65: CT4a | D65: Preparacao de Alimentos | E65: 46363 | F65: 46401 | G65: 4 dias até CT4b | H65: Data proposta para simulação
B66: Fundo Social / SENAC | C66: CT4b | D66: Preparacao de Alimentos | E66: 46405 | F66: 46422 | G66: Última turma desta trilha | H66: Data proposta para simulação
B67: SENAI Paulinia | C67: CT7a | D67: Eletrica | E67: 46293 | F67: 46321 | G67: 3 dias até CT7b | H67: Data proposta para simulação
B68: SENAI Paulinia | C68: CT7b | D68: Eletrica | E68: 46324 | F68: 46353 | G68: 3 dias até CT6 | H68: Data proposta para simulação
B69: SENAI Paulinia | C69: CT6 | D69: Automacao | E69: 46356 | F69: 46402 | G69: Última turma desta trilha | H69: Data proposta para simulação
B70: ? (fornecedor nao confirmado) | C70: CT2 | D70: Jardinagem | E70: 46293 | F70: 46304 | G70: Última turma desta trilha | H70: Data proposta — fornecedor não confirmado

Sheet 12_TURMAS_DH
B2: VISÃO POR TURMA — PALESTRAS (PS) E DESENVOLVIMENTO HUMANO (DH)
B3: Cenário B (referência desta versão) — a formação de cada turma é CONDICIONADA à Palestra atingir quórum (ver marcos de validação na aba 07)
B5: PALESTRAS DE SENSIBILIZAÇÃO (PS 01 – PS 30)
B6: Turma | C6: Data | D6: Dia da semana | E6: Carga horária | F6: Encontros | G6: Nº aprox. participantes | H6: Predecessora | I6: Situação da informação
B7: PS 01 | C7: 46245 | D7: Terça | E7: 2h | F7: 1 | G7: 20-40 | H7: — | I7: Premissa provisória
B8: PS 02 | C8: 46246 | D8: Quarta | E8: 2h | F8: 1 | G8: 20-40 | H8: — | I8: Premissa provisória
B9: PS 03 | C9: 46247 | D9: Quinta | E9: 2h | F9: 1 | G9: 20-40 | H9: — | I9: Premissa provisória
B10: PS 04 | C10: 46252 | D10: Terça | E10: 2h | F10: 1 | G10: 20-40 | H10: — | I10: Premissa provisória
B11: PS 05 | C11: 46253 | D11: Quarta | E11: 2h | F11: 1 | G11: 20-40 | H11: — | I11: Premissa provisória
B12: PS 06 | C12: 46254 | D12: Quinta | E12: 2h | F12: 1 | G12: 20-40 | H12: — | I12: Premissa provisória
B13: PS 07 | C13: 46259 | D13: Terça | E13: 2h | F13: 1 | G13: 20-40 | H13: — | I13: Premissa provisória
B14: PS 08 | C14: 46260 | D14: Quarta | E14: 2h | F14: 1 | G14: 20-40 | H14: — | I14: Premissa provisória
B15: PS 09 | C15: 46261 | D15: Quinta | E15: 2h | F15: 1 | G15: 20-40 | H15: — | I15: Premissa provisória
B16: PS 10 | C16: 46266 | D16: Terça | E16: 2h | F16: 1 | G16: 20-40 | H16: — | I16: Premissa provisória
B17: PS 11 | C17: 46267 | D17: Quarta | E17: 2h | F17: 1 | G17: 20-40 | H17: — | I17: Premissa provisória
B18: PS 12 | C18: 46268 | D18: Quinta | E18: 2h | F18: 1 | G18: 20-40 | H18: — | I18: Premissa provisória
... B36: PS 30 | C36: 46310 | D36: Quinta | E36: 2h | F36: 1 | G36: 20-40 | H36: — | I36: Premissa provisória
B38: DESENVOLVIMENTO HUMANO (DH 01 – DH 15) — Cenário B
B39: Turma | C39: Início | D39: Término | E39: Frequência | F39: Carga horária | G39: Encontros | H39: Sala | I39: Nº aprox. participantes | J39: Predecessora / Situação
B40: DH 1 | C40: 46258 | D40: 46269 | E40: Seg-Sex | F40: 20h (premissa; alternativa 22h) | G40: 10 | H40: Sala 1 | I40: 20-40 | J40: PS 01 e PS 02 (regra 2 PS = 1 DH — premissa; formação CONDICIONADA a quórum, lote 1)
B41: DH 2 | C41: 46258 | D41: 46269 | E41: Seg-Sex | F41: 20h (premissa; alternativa 22h) | G41: 10 | H41: Sala 2 | I41: 20-40 | J41: PS 03 e PS 04 (regra 2 PS = 1 DH — premissa; formação CONDICIONADA a quórum, lote 1)
B42: DH 3 | C42: 46258 | D42: 46269 | E42: Seg-Sex | F42: 20h (premissa; alternativa 22h) | G42: 10 | H42: Sala 3 | I42: 20-40 | J42: PS 05 e PS 06 (regra 2 PS = 1 DH — premissa; formação CONDICIONADA a quórum, lote 1)
B43: DH 4 | C43: 46273 | D43: 46286 | E43: Seg-Sex | F43: 20h (premissa; alternativa 22h) | G43: 10 | H43: Sala 1 | I43: 20-40 | J43: PS 07 e PS 08 (regra 2 PS = 1 DH — premissa; formação CONDICIONADA a quórum, lote 2)
B44: DH 5 | C44: 46273 | D44: 46286 | E44: Seg-Sex | F44: 20h (premissa; alternativa 22h) | G44: 10 | H44: Sala 2 | I44: 20-40 | J44: PS 09 e PS 10 (regra 2 PS = 1 DH — premissa; formação CONDICIONADA a quórum, lote 2)
B45: DH 6 | C45: 46273 | D45: 46286 | E45: Seg-Sex | F45: 20h (premissa; alternativa 22h) | G45: 10 | H45: Sala 3 | I45: 20-40 | J45: PS 11 e PS 12 (regra 2 PS = 1 DH — premissa; formação CONDICIONADA a quórum, lote 2)
B46: DH 7 | C46: 46287 | D46: 46300 | E46: Seg-Sex | F46: 20h (premissa; alternativa 22h) | G46: 10 | H46: Sala 1 | I46: 20-40 | J46: PS 13 e PS 14 (regra 2 PS = 1 DH — premissa; formação CONDICIONADA a quórum, lote 3)
B47: DH 8 | C47: 46287 | D47: 46300 | E47: Seg-Sex | F47: 20h (premissa; alternativa 22h) | G47: 10 | H47: Sala 2 | I47: 20-40 | J47: PS 15 e PS 16 (regra 2 PS = 1 DH — premissa; formação CONDICIONADA a quórum, lote 3)
B48: DH 9 | C48: 46287 | D48: 46300 | E48: Seg-Sex | F48: 20h (premissa; alternativa 22h) | G48: 10 | H48: Sala 3 | I48: 20-40 | J48: PS 17 e PS 18 (regra 2 PS = 1 DH — premissa; formação CONDICIONADA a quórum, lote 3)
B49: DH 10 | C49: 46301 | D49: 46315 | E49: Seg-Sex | F49: 20h (premissa; alternativa 22h) | G49: 10 | H49: Sala 1 | I49: 20-40 | J49: PS 19 e PS 20 (regra 2 PS = 1 DH — premissa; formação CONDICIONADA a quórum, lote 4)
B50: DH 11 | C50: 46301 | D50: 46315 | E50: Seg-Sex | F50: 20h (premissa; alternativa 22h) | G50: 10 | H50: Sala 2 | I50: 20-40 | J50: PS 21 e PS 22 (regra 2 PS = 1 DH — premissa; formação CONDICIONADA a quórum, lote 4)
B51: DH 12 | C51: 46301 | D51: 46315 | E51: Seg-Sex | F51: 20h (premissa; alternativa 22h) | G51: 10 | H51: Sala 3 | I51: 20-40 | J51: PS 23 e PS 24 (regra 2 PS = 1 DH — premissa; formação CONDICIONADA a quórum, lote 4)
... B54: DH 15 | C54: 46316 | D54: 46330 | E54: Seg-Sex | F54: 20h (premissa; alternativa 22h) | G54: 10 | H54: Sala 3 | I54: 20-40 | J54: PS 29 e PS 30 (regra 2 PS = 1 DH — premissa; formação CONDICIONADA a quórum, lote 5)

Sheet 13_OFICINAS_GESTAO
B2: OFICINA DE GESTÃO (OG) — DUAS VARIANTES, NENHUMA CONFIRMADA
B3: B1 (espaço adicional) x B2 (mesmas salas do DH) — ver comparativo completo (datas, conflitos, risco) na aba 07_CENARIO_B
B5: VARIANTE B1 — 3 ESPAÇOS ADICIONAIS DEDICADOS (NÃO CONFIRMADO)
B6: Turma | C6: Espaço | D6: Início | E6: Término | F6: Carga horária | G6: Encontros | H6: Nº aprox. participantes | I6: Predecessora | J6: Classificação
B7: OG 1 | C7: Espaço OG 1 (ADICIONAL, não confirmado) | D7: 46276 | E7: 46279 | F7: 4h | G7: 2 | H7: 15-18 | I7: DH 1 concluída
B8: OG 2 | C8: Espaço OG 2 (ADICIONAL, não confirmado) | D8: 46276 | E8: 46279 | F8: 4h | G8: 2 | H8: 15-18 | I8: DH 2 concluída
B9: OG 3 | C9: Espaço OG 3 (ADICIONAL, não confirmado) | D9: 46276 | E9: 46279 | F9: 4h | G9: 2 | H9: 15-18 | I9: DH 3 concluída
B10: OG 4 | C10: Espaço OG 1 (ADICIONAL, não confirmado) | D10: 46293 | E10: 46294 | F10: 4h | G10: 2 | H10: 15-18 | I10: DH 4 concluída
B11: OG 5 | C11: Espaço OG 2 (ADICIONAL, não confirmado) | D11: 46293 | E11: 46294 | F11: 4h | G11: 2 | H11: 15-18 | I11: DH 5 concluída
B12: OG 6 | C12: Espaço OG 3 (ADICIONAL, não confirmado) | D12: 46293 | E12: 46294 | F12: 4h | G12: 2 | H12: 15-18 | I12: DH 6 concluída
B13: OG 7 | C13: Espaço OG 1 (ADICIONAL, não confirmado) | D13: 46308 | E13: 46309 | F13: 4h | G13: 2 | H13: 15-18 | I13: DH 7 concluída
B14: OG 8 | C14: Espaço OG 2 (ADICIONAL, não confirmado) | D14: 46308 | E14: 46309 | F14: 4h | G14: 2 | H14: 15-18 | I14: DH 8 concluída
B15: OG 9 | C15: Espaço OG 3 (ADICIONAL, não confirmado) | D15: 46308 | E15: 46309 | F15: 4h | G15: 2 | H15: 15-18 | I15: DH 9 concluída
B16: OG 10 | C16: Espaço OG 1 (ADICIONAL, não confirmado) | D16: 46322 | E16: 46323 | F16: 4h | G16: 2 | H16: 15-18 | I16: DH 10 concluída
B17: OG 11 | C17: Espaço OG 2 (ADICIONAL, não confirmado) | D17: 46322 | E17: 46323 | F17: 4h | G17: 2 | H17: 15-18 | I17: DH 11 concluída
B18: OG 12 | C18: Espaço OG 3 (ADICIONAL, não confirmado) | D18: 46322 | E18: 46323 | F18: 4h | G18: 2 | H18: 15-18 | I18: DH 12 concluída
... B21: OG 15 | C21: Espaço OG 3 (ADICIONAL, não confirmado) | D21: 46337 | E21: 46338 | F21: 4h | G21: 2 | H21: 15-18 | I21: DH 15 concluída
B23: VARIANTE B2 — MESMAS 3 SALAS DO DH (após o fim total da fase de DH)
B24: Turma | C24: Sala | D24: Início | E24: Término | F24: Carga horária | G24: Encontros | H24: Nº aprox. participantes | I24: Predecessora | J24: Classificação
B25: OG 1 | C25: Sala 1 | D25: 46331 | E25: 46332 | F25: 4h | G25: 2 | H25: 15-18 | I25: DH 1 concluída
B26: OG 2 | C26: Sala 2 | D26: 46331 | E26: 46332 | F26: 4h | G26: 2 | H26: 15-18 | I26: DH 2 concluída
B27: OG 3 | C27: Sala 3 | D27: 46331 | E27: 46332 | F27: 4h | G27: 2 | H27: 15-18 | I27: DH 3 concluída
B28: OG 4 | C28: Sala 1 | D28: 46335 | E28: 46336 | F28: 4h | G28: 2 | H28: 15-18 | I28: DH 4 concluída
B29: OG 5 | C29: Sala 2 | D29: 46335 | E29: 46336 | F29: 4h | G29: 2 | H29: 15-18 | I29: DH 5 concluída
B30: OG 6 | C30: Sala 3 | D30: 46335 | E30: 46336 | F30: 4h | G30: 2 | H30: 15-18 | I30: DH 6 concluída
B31: OG 7 | C31: Sala 1 | D31: 46337 | E31: 46338 | F31: 4h | G31: 2 | H31: 15-18 | I31: DH 7 concluída
B32: OG 8 | C32: Sala 2 | D32: 46337 | E32: 46338 | F32: 4h | G32: 2 | H32: 15-18 | I32: DH 8 concluída
B33: OG 9 | C33: Sala 3 | D33: 46337 | E33: 46338 | F33: 4h | G33: 2 | H33: 15-18 | I33: DH 9 concluída
B34: OG 10 | C34: Sala 1 | D34: 46339 | E34: 46342 | F34: 4h | G34: 2 | H34: 15-18 | I34: DH 10 concluída
B35: OG 11 | C35: Sala 2 | D35: 46339 | E35: 46342 | F35: 4h | G35: 2 | H35: 15-18 | I35: DH 11 concluída
B36: OG 12 | C36: Sala 3 | D36: 46339 | E36: 46342 | F36: 4h | G36: 2 | H36: 15-18 | I36: DH 12 concluída
... B39: OG 15 | C39: Sala 3 | D39: 46343 | E39: 46344 | F39: 4h | G39: 2 | H39: 15-18 | I39: DH 15 concluída
B41: Nenhuma das duas variantes está confirmada. Enquanto não houver decisão da coordenação sobre o espaço físico, as demais abas (10, 11, 12) usam a variante B1 como referência de trabalho, por ser a mais rápida — não porque esteja aprovada.

Sheet 14_CURSOS_TECNICOS
B2: CURSOS TÉCNICOS (CT) — TODAS AS DATAS SÃO PROPOSTA PARA SIMULAÇÃO
B3: Nenhuma data aqui é compromisso oficial — pendente de quórum, contratação e validação do fornecedor. 10 turmas confirmadas na planilha operacional; meta contratual do PDF macro é 13 (ver aba 02).
B5: Sigla | C5: Tema | D5: Início (proposto) | E5: Término (proposto) | F5: Carga horária | G5: Encontros | H5: DH concluídas antes da abertura | I5: Participantes estimados disponíveis | J5: Quórum mínimo | K5: Fornecedor / Local | L5: Fornecedor confirmado? | M5: Local confirmado? | N5: Data validada? | O5: Responsável pela validação | P5: Classificação
B6: CT1a | C6: Corte e Costura | D6: 46293 | E6: 46302 | F6: 32h | G6: 8 | H6: 6 | I6: ~180 (estim.) | J6: 15-18 | K6: Fundo Social / SENAI | L6: Sim | M6: Sim | N6: Não | O6: Coordenação de parcerias / fornecedor | P6: Condicionado à validação
B7: CT1b | C7: Corte e Costura | D7: 46308 | E7: 46317 | F7: 32h | G7: 8 | H7: 9 | I7: ~270 (estim.) | J7: 15-18 | K7: Fundo Social / SENAI | L7: Sim | M7: Sim | N7: Não | O7: Coordenação de parcerias / fornecedor | P7: Condicionado à validação
B8: CT3 | C8: Beleza / Unhas | D8: 46321 | E8: 46335 | F8: 40h | G8: 10 | H8: 12 | I8: ~360 (estim.) | J8: 15-18 | K8: Fundo Social / SENAC | L8: Sim | M8: Sim | N8: Não | O8: Coordenação de parcerias / fornecedor | P8: Condicionado à validação
B9: CT5 | C9: Beleza / Cabelos Cacheados e Crespos | D9: 46338 | E9: 46358 | F9: 56h | G9: 14 | H9: 15 | I9: ~450 (estim.) | J9: 15-18 | K9: Fundo Social / SENAC | L9: Sim | M9: Sim | N9: Não | O9: Coordenação de parcerias / fornecedor | P9: Condicionado à validação
B10: CT4a | C10: Preparacao de Alimentos | D10: 46363 | E10: 46401 | F10: 56h | G10: 14 | H10: 15 | I10: ~450 (estim.) | J10: 15-18 | K10: Fundo Social / SENAC | L10: Sim | M10: Sim | N10: Não | O10: Coordenação de parcerias / fornecedor | P10: Condicionado à validação
B11: CT4b | C11: Preparacao de Alimentos | D11: 46405 | E11: 46422 | F11: 56h | G11: 14 | H11: 15 | I11: ~450 (estim.) | J11: 15-18 | K11: Fundo Social / SENAC | L11: Sim | M11: Sim | N11: Não | O11: Coordenação de parcerias / fornecedor | P11: Condicionado à validação
B12: CT7a | C12: Eletrica | D12: 46293 | E12: 46321 | F12: 80h | G12: 20 | H12: 6 | I12: ~180 (estim.) | J12: 14-16 | K12: SENAI Paulinia | L12: Sim | M12: Sim | N12: Não | O12: Coordenação de parcerias / fornecedor | P12: Condicionado à validação
B13: CT7b | C13: Eletrica | D13: 46324 | E13: 46353 | F13: 80h | G13: 20 | H13: 12 | I13: ~360 (estim.) | J13: 14-16 | K13: SENAI Paulinia | L13: Sim | M13: Sim | N13: Não | O13: Coordenação de parcerias / fornecedor | P13: Condicionado à validação
B14: CT6 | C14: Automacao | D14: 46356 | E14: 46402 | F14: 80h | G14: 20 | H14: 15 | I14: ~450 (estim.) | J14: 14-16 | K14: SENAI Paulinia | L14: Sim | M14: Sim | N14: Não | O14: Coordenação de parcerias / fornecedor | P14: Condicionado à validação
B15: CT2 | C15: Jardinagem | D15: 46293 | E15: 46304 | F15: 40h | G15: 10 | H15: 6 | I15: ~180 (estim.) | J15: 15-18 | K15: ? (fornecedor nao confirmado) | L15: Não | M15: Não | N15: Não | O15: Coordenação de parcerias / fornecedor | P15: Condicionado à validação
B17: PENDENTE DE VALIDAÇÃO: 3 turmas adicionais necessárias para atingir a meta contratual de 13 turmas do PDF macro (Núcleo 2). Temas e fornecedores não definidos neste material — recomenda-se priorizar cursos com maior demanda identificada no diagnóstico de participantes. "Participantes estimados disponíveis" é uma estimativa cumulativa (nº de turmas de DH concluídas × 30 pessoas em média) — não desconta quem já ocupou vaga em outro curso técnico.

Sheet 15_EAD_CONSULTORIAS
B2: CURSO EAD E CONSULTORIA INDIVIDUAL (CI)
B3: Etapas finais da trilha — Curso Técnico é pré-requisito para Consultoria Individual (confirmado no PDF macro)
B5: Atividade | C5: Início | D5: Término | E5: Carga horária / Meta | F5: Observação
B6: Curso EAD — Planejamento, Marketing e Finanças | C6: 46303 | D6: 46308 | E6: 6h / 3 módulos | F6: Início estimado logo após a conclusão do primeiro Curso Técnico de cada trilha (autoinstrucional)
B8: CALCULADORA DE CAPACIDADE — CONSULTORIA INDIVIDUAL (células amarelas são editáveis e recalculam sozinhas)
B9: Meta de pessoas atendidas | C9: 150 | D9: Cruzado entre nota da planilha operacional (450 atend./3) e PDF macro (13 turmas = 150 pessoas)
B10: Atendimentos por pessoa | C10: 3 | D10: Planilha operacional / nota J14
B11: Horas por atendimento | C11: 1 | D11: Planilha operacional linha 14 (E14 = 1h)
B12: Nº de consultores | C12: 2 | D12: PARÂMETRO EDITÁVEL — quantos profissionais atendem em paralelo
B13: Horas de atendimento por consultor/dia | C13: 4 | D13: PARÂMETRO EDITÁVEL
B14: Dias de atendimento por semana | C14: 5 | D14: PARÂMETRO EDITÁVEL
B15: Atendimentos simultâneos (capacidade física de salas/espaços) | C15: 2 | D15: PARÂMETRO EDITÁVEL — pode ser menor que o nº de consultores se faltar espaço
B16: Data de início da Consultoria Individual | C16: 46309 | D16: Uma semana após o primeiro Curso Técnico concluir (ver aba 14)
B17: Data proposta para conclusão (meta da coordenação) | C17: 46422 | D17: EDITÁVEL — ajuste para a meta real da coordenação; aqui usamos o fim do último Curso Técnico como referência
B19: RESULTADOS (calculados por fórmula)
B20: Total de atendimentos necessários | C20: =C9*C10 | D20: Meta de pessoas × atendimentos por pessoa
B21: Total de horas necessárias | C21: =C20*C11 | D21: Total de atendimentos × horas por atendimento
B22: Capacidade paralela efetiva | C22: =MIN(C12,C15) | D22: O menor entre nº de consultores e atendimentos simultâneos possíveis (espaço/sala)
B23: Atendimentos possíveis por semana | C23: =C22*C13*C14/C11
B24: Semanas necessárias para concluir a meta | C24: =ROUNDUP(C20/C23,0) | D24: Arredondado para cima (semana parcial conta inteira)
B25: Data de conclusão estimada (primeira data viável) | C25: =C16+C24*7
B26: Cabe até a data proposta pela coordenação? | C26: =IF(C25<=C17,"SIM — cabe até a data proposta","NÃO — primeira data viável é "&TEXT(C25,"DD/MM/YYYY")) | D26: Compara a data de conclusão estimada com a meta editável acima
B28: Como usar: altere nº de consultores, horas/dia, dias/semana ou atendimentos simultâneos acima — os resultados recalculam automaticamente. Este cálculo NÃO considera o bloqueio do recesso institucional nas semanas contadas (simplificação); se o intervalo calculado cruzar o recesso, a data real de conclusão tende a ser um pouco mais tarde do que a fórmula indica.

Sheet 16_RISCOS_E_DECISOES
B2: RISCOS, DIVERGÊNCIAS E DECISÕES PENDENTES
B3: Quadro consolidado para acompanhamento com Instituto da Criança, Sebrae e Petrobras
B5: Risco / Divergência | C5: Documentos envolvidos | D5: Impacto no cronograma | E5: Decisão necessária | F5: Responsável pela validação | G5: Status | H5: Recomendação provisória
B6: Carga horária do DH indefinida (20h x 22h) | C6: Proposta (xlsx) + PDF macro vs. ata de reunião | D6: Muda a duração de cada uma das 15 turmas em até 1 semana, deslocando toda a cadeia OG→CT→EAD→CI. | E6: Confirmar por escrito a carga horária oficial do DH junto ao Sebrae. | F6: Coordenação / Sebrae | G6: Aberto | H6: Formalizar 20h por e-mail/ata assinada antes de comunicar datas à Petrobras.
B7: Quantidade de turmas de Curso Técnico indefinida (10 x 13) | C7: Proposta (xlsx) vs. PDF macro | D7: Se 13 for a meta válida, é preciso contratar 3 novos fornecedores/turmas, o que pode adicionar 4-8 semanas ao cronograma de CT. | E7: Definir se a meta de 13 será cumprida em Paulínia e, em caso positivo, quais temas/fornecedores fecham a diferença. | F7: Coordenação / Instituto da Criança | G7: Aberto | H7: Levar a divergência à reunião de alinhamento com o Sebrae antes de fechar contratos.
B8: Disponibilidade real de salas (2 x 3) não confirmada | C8: "Possibilidades de Cronograma" (3 salas) vs. briefing (2 ou 3) | D8: É a variável que mais impacta a duração da fase DH: 73 dias (cenário B, 3 salas) até 169 dias (cenário C, 2 salas). | E8: Confirmar contratualmente a disponibilidade exclusiva de 3 salas à noite, de segunda a sexta. | F8: Coordenação local / Espaço físico | G8: Aberto | H8: Usar o Cenário B como referência de negociação, mas manter D como contingência caso só 2 salas sejam viabilizadas.
B9: Espaço físico para a Oficina de Gestão NÃO definido (B1 x B2) | C9: Achado desta análise — nenhum documento original cruzou a agenda de sala do DH com a da OG | D9: B1 precisa de 3 espaços adicionais (6 no total); B2 não precisa de espaço extra, mas atrasa a OG (e tudo que depende dela) até 04/11 ou depois. | E9: Decidir formalmente entre B1 e B2 (ver comparação completa na aba 07_CENARIO_B) antes de comunicar datas de OG a qualquer parceiro. | F9: Coordenação local / Espaço físico | G9: Aberto — decisão pendente | H9: Não apresentar nenhuma das duas variantes como definitiva até a decisão.
B10: Regra de composição da Oficina de Gestão (15 x ~7-8 turmas) | C10: Proposta (xlsx), linha J5 vs. anotação A28 | D10: Dobra ou reduz pela metade a necessidade de espaço/horário dedicado à OG (além da questão do espaço físico acima). | E10: Confirmar se cada DH gera sua própria OG (1:1) ou se as OG são formadas a partir de pares de turmas de DH. | F10: Coordenação pedagógica | G10: Aberto | H10: Assumir 1:1 (15 turmas) como premissa de trabalho até confirmação.
B11: Formação de turma tratada como certa (sem risco de quórum) | C11: Nenhum dos 4 documentos discute o risco de uma Palestra não gerar quórum suficiente | D11: Um atraso de 7 dias no 1º lote de DH desloca a conclusão da 4ª turma entre +3 e +7 dias, dependendo de quanta folga natural existir entre lotes (ver simulação nas abas 06-09). | E11: Definir um protocolo de reagendamento/reforço de mobilização para Palestras que não atingirem quórum mínimo. | F11: Coordenação pedagógica / Facilitadores | G11: Aberto — novo | H11: Adotar os marcos de validação de quórum (aba 06-09) como checkpoint formal antes de cada lote.
B12: Fornecedor de Jardinagem não definido | C12: "Possibilidades de Cronograma", célula R48 = "?" | D12: Turma de Jardinagem não pode ser comunicada aos participantes sem fornecedor e local confirmados. | E12: Selecionar e contratar fornecedor para o curso de Jardinagem. | F12: Coordenação de parcerias | G12: Aberto | H12: Priorizar a definição nas próximas 4 semanas, antes da 4ª turma de DH concluir.
B13: Recesso institucional não confirmado formalmente | C13: Simulação de cenários (premissa observada) | D13: Cenários que se estendem para dezembro/janeiro podem precisar de ajuste fino de datas conforme o recesso real. | E13: Confirmar datas oficiais de recesso institucional 2026/2027. | F13: Administrativo / RH | G13: Aberto | H13: Manter 21/12/2026-08/01/2027 como premissa de planejamento; ajustar se o recesso oficial for diferente.
B14: Prazo apertado até o início das Palestras | C14: Contexto do projeto — data atual 21/07/2026, início das PS em 11/08/2026 | D14: Restam menos de 3 semanas até a primeira Palestra de Sensibilização; qualquer atraso na confirmação de salas/premissas comprime a mobilização. | E14: Validar premissas críticas (salas, carga horária do DH, espaço de OG) com urgência. | F14: Coordenação geral do projeto | G14: Aberto — urgente | H14: Tratar as pendências desta aba como prioridade das próximas 2 semanas.
B15: Quórum mínimo dos cursos técnicos variável (14-18) vs. referência única de 16 citada em reunião | C15: Proposta (xlsx) vs. ata de reunião | D15: Se 16 for aplicado a todos os cursos, turmas com quórum planejado de 14-15 podem não abrir. | E15: Confirmar quórum mínimo por fornecedor/curso, não um valor único. | F15: Coordenação de parcerias | G15: Aberto | H15: Negociar quórum por curso com cada fornecedor antes de divulgar datas.
B16: Capacidade da Consultoria Individual não verificada (V1) | C16: Ausente na V1 deste arquivo — apontado na revisão crítica | D16: Com os parâmetros padrão (2 consultores, 4h/dia, 5 dias/semana), a meta de 450 atendimentos leva ~12 semanas — pode ultrapassar a data que a coordenação tinha em mente. | E16: Definir nº real de consultores disponíveis e comparar com a calculadora da aba 15_EAD_CONSULTORIAS. | F16: Coordenação de parcerias / RH | G16: Aberto — novo | H16: Usar a calculadora da aba 15 para testar cenários de nº de consultores antes de comunicar prazo de conclusão da CI.
B17: Recomendação do Cenário B tratada como aprovação (V1) | C17: Apontado na revisão crítica — texto da V1 usava "Altamente viável" | D17: Risco de a coordenação ou parceiros externos interpretarem o Cenário B como decisão fechada, sem as validações pendentes. | E17: Nenhuma — item já corrigido nesta V2 (ver aba 04 e 05). | F17: — | G17: Corrigido nesta V2 | H17: Usar sempre o texto "menor duração — recomendado para negociação, condicionado à validação..." em qualquer material derivado deste arquivo.

Sheet 17_GANTT_EXECUTIVO
B2: GANTT EXECUTIVO — TRILHA COMPLETA (CENÁRIO B + VARIANTE B1 DE OG)
B3: Grade semanal — cada coluna representa a segunda-feira da semana correspondente. Datas de CT são propostas para simulação.
B5: Linha | C5: 46244 | D5: 46251 | E5: 46258 | F5: 46265 | G5: 46272 | H5: 46279 | I5: 46286 | J5: 46293 | K5: 46300 | L5: 46307 | M5: 46314 | N5: 46321 | O5: 46328 | P5: 46335 | Q5: 46342 | R5: 46349 | S5: 46356 | T5: 46363 | U5: 46370 | V5: 46377 | W5: 46384 | X5: 46391
B6: Palestras de Sensibilização
B7: Desenvolvimento Humano (agregado)
B8: DH 1 (Sala 1)
B9: DH 2 (Sala 2)
B10: DH 3 (Sala 3)
B11: DH 4 (Sala 1)
B12: DH 5 (Sala 2)
B13: DH 6 (Sala 3)
B14: DH 7 (Sala 1)
B15: DH 8 (Sala 2)
B16: DH 9 (Sala 3)
B17: DH 10 (Sala 1)
... B42: Feriado: Confraternizacao Universal

Sheet 18_VISAO_PARA_PARCEIROS
B2: PARTIU! APRENDER E EMPREENDER — PAULÍNIA
B3: Visão para parceiros (Sebrae / Petrobras) — página única, sem detalhamento operacional
B5: OBJETIVO: organizar a trilha completa de capacitação em Paulínia (Núcleo 2) — da Palestra de Sensibilização à Consultoria Individual — em um cronograma auditável, comparando alternativas de execução e deixando claro o que já está confirmado e o que ainda depende de validação conjunta.
B7: OS 4 CENÁRIOS AVALIADOS
B8: Cenário | C8: Salas | D8: Frequência do DH | E8: Duração da fase de DH | F8: Leitura simples
B9: Cenário A | C9: 3 | D9: 2x por semana | E9: ≈101 dias | F9: Viável, mas mais lento e mais próximo do recesso.
B10: Cenário B | C10: 3 | D10: 5x por semana | E10: ≈73 dias | F10: Menor duração — recomendado para negociação, condicionado à validação.
B11: Cenário C | C11: 2 | D11: 2x por semana | E11: ≈169 dias | F11: Não recomendado — atravessa o recesso e vai até fevereiro/2027.
B12: Cenário D | C12: 2 | D12: 5x por semana | E12: ≈116 dias | F12: Alternativa de contingência, com pouca folga.
B14: RECOMENDAÇÃO CONDICIONADA: Cenário B (3 salas, DH 5x/semana) — menor duração, recomendado para negociação, condicionado à validação de salas, facilitadores, adesão dos participantes e definição do espaço para a Oficina de Gestão. Não é uma decisão fechada.
B16: LINHA DO TEMPO MACRO
B17: Macro-fase | C17: AUG/26 | D17: SEP/26 | E17: OCT/26 | F17: NOV/26 | G17: DEC/26 | H17: JAN/27 | I17: FEB/27 | J17: MAR/27
B18: Palestras + Desenvolvimento Humano
B19: Oficina de Gestão + Cursos Técnicos + EAD
B20: Consultoria Individual
B22: RECURSOS EXIGIDOS
B23: • 3 salas dedicadas para o Desenvolvimento Humano, disponíveis à noite, de segunda a sexta.
B24: • Espaço adicional para a Oficina de Gestão (variante em discussão — pode ser 3 espaços extras ou o reaproveitamento das mesmas 3 salas, com atraso).
B25: • Fornecedores contratados para os cursos técnicos (SENAI, SENAC, Fundo Social e um fornecedor de Jardinagem ainda não definido).
B26: • Consultores para a Consultoria Individual — capacidade a confirmar (ver premissas internas).
B28: DECISÕES PENDENTES
B29: • Confirmar disponibilidade de 3 salas para o Desenvolvimento Humano.
B30: • Definir a carga horária oficial do Desenvolvimento Humano (20h ou 22h).
B31: • Decidir o espaço físico da Oficina de Gestão (espaço adicional ou salas compartilhadas com o DH).
... B35: AVISO: as datas técnicas apresentadas neste material dependem de validação de quórum, contratação de fornecedores e confirmação de espaços físicos. Nenhuma data aqui é compromisso contratual.

Sheet 19_LOG_DE_ALTERACOES
B2: LOG DE ALTERAÇÕES — V1 → V2
B3: Item a item, em resposta à revisão crítica solicitada pela coordenação
B5: # | C5: Item da revisão crítica | D5: O que foi alterado nesta V2 | E5: Abas afetadas
B6: 1 | C6: Automação e premissas | D6: Removida a afirmação de que todas as premissas atualizam sozinhas. Adicionada uma matriz em 00_LEIA-ME e uma coluna "Automação" em 01_PREMISSAS mostrando o que é automático (fórmula) e o que exige rodar scripts/build_workbook.py. O "Cenário recomendado" agora é um dropdown que alimenta por fórmula (INDEX/MATCH) os destaques e marcos das abas 04 e 05. | E6: 00, 01, 04, 05
B7: 2 | C7: Capacidade de salas | D7: "Capacidade simultânea" foi substituída por dois indicadores: "Turmas ativas na mesma semana (pico)" e "Máximo de turmas na mesma noite" (igual ao nº de salas, por construção). Texto explica que o interleaving de dias aumenta turmas ativas, não o nº de salas físicas. | E7: 05, 06, 07, 08, 09
B8: 3 | C8: Oficina de Gestão e espaços adicionais | D8: Criadas as variantes B1 (3 salas de DH + 3 espaços adicionais, NÃO confirmado) e B2 (3 salas compartilhadas, OG só após o fim total do DH). Comparação completa (datas, conflitos, necessidade de espaços, risco) na aba 07_CENARIO_B. Nenhuma das duas é tratada como confirmada. | E8: 01, 07, 10, 11, 13, 16, 19
B9: 4 | C9: Viabilidade do cenário recomendado | D9: "Altamente viável" substituído por "Menor duração — recomendado para negociação, condicionado à validação de salas, facilitadores, adesão dos participantes e espaços para OG." Destaque de linha mudou de verde (aprovado) para o texto condicionado; título das abas 06-09 não usa mais "recomendado" isolado. | E9: 04, 05, 06-09
B10: 5 | C10: Quórum e contingência | D10: Adicionado, em cada cenário (06-09), um bloco "Marcos de validação de quórum por lote" (data planejada, janela de contingência, impacto de atraso de 7 dias, risco, status "Condicionado à formação de turma") e uma "Simulação de atraso de 7 dias" com dois cenários (otimista/conservador). | E10: 03, 06, 07, 08, 09, 16
B11: 6 | C11: Cursos técnicos | D11: Todas as datas de CT reclassificadas como "Data proposta para simulação — pendente de quórum, contratação e validação do fornecedor". Adicionadas colunas: DH concluídas antes da abertura, participantes estimados, quórum mínimo, fornecedor confirmado?, local confirmado?, data validada?, responsável. | E11: 01, 14
B12: 7 | C12: Consultorias individuais | D12: Criada calculadora de capacidade com fórmulas reais e parâmetros editáveis (nº de consultores, horas/dia, dias/semana, atendimentos simultâneos). Calcula semanas necessárias e data de conclusão estimada, e compara com uma data proposta editável. | E12: 01, 15
B13: 8 | C13: Texto do resumo executivo | D13: Substituído o texto que dava a entender que tudo terminava antes do recesso pelo texto: "O cenário B conclui o Desenvolvimento Humano antes do recesso e antecipa o início das etapas seguintes. Parte dos cursos técnicos e das consultorias permanece programada para 2027." | E13: 04, 18
B14: 9 | C14: Feriados | D14: A checagem de feriado nos cenários 2x/semana (A e C) agora verifica se o feriado cai EXATAMENTE em um dia real de encontro da cadência da turma (ex.: Ter/Qui), e não apenas se está dentro do intervalo [início,término]. | E14: 06, 08 (e 07, 09 por consistência)
B15: 10 | C15: Versão para parceiros | D15: Criada a aba 18_VISAO_PARA_PARCEIROS: página única com objetivo, os 4 cenários, recomendação condicionada, linha do tempo macro, recursos exigidos, decisões pendentes e aviso de que as datas dependem de validação — sem detalhe técnico operacional. | E15: 18
B16: 11 | C16: Auditoria final | D16: Repetida a checagem de conflitos reais de sala (dia a dia, por cadência), dependências entre etapas, capacidade das consultorias e rastreamento de toda data provisória. Nenhuma informação não confirmada aparece como fato nesta versão. Este log resume o resultado. | E16: 19 (esta aba)
